mainid,lastname,result,n_lastname,jeiba_lastname
2,特殊教育學系 ,特殊(VH) 教育(Na) 學系(Na),特殊 教育 學系,特殊教育 學系  
2,  體育,體育(Na),體育,    體育
2,課程設計與潛能開發學系,課程(Na) 設計(Na) 潛能(Na) 開發(VC) 學系(Na),課程 設計 潛能 開發 學系,課程 設計 與 潛能 開 發學系
2,教育與學習科技學系,教育(Na) 學習(VC) 科技(Na) 學系(Na),教育 學習 科技 學系,教育 與 學習 科技 學系
2,社會教育系,社會(Na) 教育(Nc),社會 教育,社會 教育系
2,  社會科教育學,社會科(Na) 教育學(Na),社會科 教育學,    社會科 教育 學
2,  社會科教育,社會科(Na) 教育(Na),社會科 教育,    社會科 教育
2,  幼保,,幼保,    幼保
2,教育系,教育系(Nc),教育系,教育系
2,幼保,幼保(Na),幼保,幼保
2,  幼保,,幼保,    幼保
2,體育系,體育系(Nc),體育系,體育系
2,社會科教育學系 ,社會科(Na) 教育(Na) 學系(Na),社會科 教育 學系,社會科 教育 學系  
2,特殊教育學系,特殊(VH) 教育(Na) 學系(Na),特殊 教育 學系,特殊教育 學系
2,幼兒敎育學系,幼兒(Na) 敎育(Nv) 學系(Na),幼兒 敎育 學系,幼兒 敎 育學系
2,教育學系,教育(Na) 學系(Na),教育 學系,教育 學系
2,  教育學,教育學(Na),教育學,    教育 學
2,教育學系,教育(Na) 學系(Na),教育 學系,教育 學系
2,語文教育學系,語文(Na) 教育(Na) 學系(Na),語文 教育 學系,語文 教育 學系
2,體育系,體育系(Nc),體育系,體育系
2,教育系,教育系(Nc),教育系,教育系
2,  特殊教育系,特殊(VH) 教育系(Nc),特殊 教育系,    特殊教育 系
2,人類發展與家庭學系 ,人類(Na) 發展(VC) 家庭學系(Na),人類 發展 家庭學系,人類 發展 與 家庭 學系  
2,教育系,教育系(Nc),教育系,教育系
2,體育系,體育系(Nc),體育系,體育系
2,體育學系,體育(Na) 學系(Na),體育 學系,體育 學系
2,數學教育學系,數學(Na) 教育(Na) 學系(Na),數學 教育 學系,數學 教育 學系
2,自然科學教育學系,自然(Na) 科學(Na) 教育(Na) 學系(Na),自然 科學 教育 學系,自然科 學 教育 學系
2,幼教系,幼教系(Nc),幼教系,幼教 系
2,語文教育系,語文(Na) 教育系(Nc),語文 教育系,語文 教育系
2,工業科技敎育學系,工業(Na) 科技(Na) 敎育(VC) 學系(Na),工業 科技 敎育 學系,工業 科技 敎 育學系
2,  音樂教育,音樂(Na) 教育(Na),音樂 教育,    音樂 教育
2,  語文教育,語文(Na) 教育(Na),語文 教育,    語文 教育
2,  幼保,,幼保,    幼保
2,教育政策與行政學系,教育(Na) 政策(Na) 行政學系(Na),教育 政策 行政學系,教育 政策 與 行政 學系
2,  特殊教育,特殊(VH) 教育(Na),特殊 教育,    特殊教育
2,  初等教育,教育(Na),教育,    初等教育
2,語文教育,語文(Na) 教育(Na),語文 教育,語文 教育
2,  教育學,教育學(Na),教育學,    教育 學
2,特殊教育學,特殊(VH) 教育(Na),特殊 教育,特殊教育 學
2,教育系,教育系(Nc),教育系,教育系
2,數位學習設計管理學系 ,學習(VC) 設計(Na) 管理(Na) 學系(Na),學習 設計 管理 學系,數位 學習 設計 管理 學系  
2,特教系,特教系(Nc),特教系,特教 系
2,體育系,體育系(Nc),體育系,體育系
2,體育學系,體育(Na) 學系(Na),體育 學系,體育 學系
2,  數理教育,數理(Na) 教育(Na),數理 教育,    數理 教育
2,  社會科教育,社會科(Na) 教育(Na),社會科 教育,    社會科 教育
2,  體育,體育(Na),體育,    體育
2,  特教,特教(Na),特教,    特教
3,  美術,美術(Na),美術,    美術
3,動畫,動畫(Na),動畫,動畫
3,傳統音樂學系 ,傳統(VH) 音樂(Na) 學系(Na),傳統 音樂 學系,傳統 音樂學系  
3,視覺傳達設計,視覺(Na) 傳達(VD) 設計(Na),視覺 傳達 設計,視覺 傳達 設計
3,視覺傳達設計,視覺(Na) 傳達(VD) 設計(Na),視覺 傳達 設計,視覺 傳達 設計
3,音樂學系,音樂(Na) 學系(Na),音樂 學系,音樂學系
3,產品與媒體設計系,產品(Na) 媒體(Na) 設計系(Na),產品 媒體 設計系,產品 與 媒體 設計系
3,  時覺傳達,時覺(Ng) 傳達(VD),時覺 傳達,    時覺 傳達
3,創意產品與遊戲設計,創意(Na) 產品(Na) 遊戲(Na) 設計(Na),創意 產品 遊戲 設計,創意 產品 與 遊戲 設計
3,視覺傳達設計系,視覺(Na) 傳達(VD) 設計系(Nc),視覺 傳達 設計系,視覺 傳達 設計系
3,  室內設計,設計(Na),設計,    室內 設計
3,數位媒體設計系,媒體(Na) 設計系(Na),媒體 設計系,數位 媒體 設計系
3,數位媒體設計系,媒體(Na) 設計系(Na),媒體 設計系,數位 媒體 設計系
3,舞蹈系,舞蹈系(Nc),舞蹈系,舞蹈系
3,室內設計,設計(Na),設計,室內 設計
3,音樂系,音樂系(Nc),音樂系,音樂系
3,  戲劇,戲劇(Na),戲劇,    戲劇
3,  商業設計,商業(Na) 設計(Na),商業 設計,    商業 設計
3,工藝設計 ,工藝(Na) 設計(Na),工藝 設計,工藝 設計  
3,  美術,美術(Na),美術,    美術
3,  商品設計,商品(Na) 設計(Na),商品 設計,    商品 設計
3,  音樂,音樂(Na),音樂,    音樂
3,  商業設計,商業(Na) 設計(Na),商業 設計,    商業 設計
3,  視覺傳達,視覺(Na) 傳達(VD),視覺 傳達,    視覺 傳達
3,音樂系,音樂系(Nc),音樂系,音樂系
3,造形藝術學系,造形(Na) 藝術(Na) 學系(Na),造形 藝術 學系,造形 藝術 學系
3,  視覺傳達設計,視覺(Na) 傳達(VD) 設計(Na),視覺 傳達 設計,    視覺 傳達 設計
3,商品設計系,商品(Na) 設計(Nc),商品 設計,商品 設計系
3,創意產品科技應用系,創意(Na) 產品(Na) 科技(Na) 應用(Na),創意 產品 科技 應用,創意 產品 科技 應用系
3,流行工藝設計,流行(VH) 工藝(Na) 設計(Na),流行 工藝 設計,流行 工藝 設計
3,  工業設計,工業(Na) 設計(Na),工業 設計,    工業 設計
3,媒體設計學系,媒體(Na) 設計(Na) 學系(Na),媒體 設計 學系,媒體 設計 學系
3,視傳系商品設計組,傳系(Na) 商品(Na) 設計組(Nc),傳系 商品 設計組,視傳系 商品 設計組
3,商業設計系 ,商業(Na) 設計系(Nc),商業 設計系,商業 設計系  
3,視覺傳達設計系(動畫組),視覺(Na) 傳達(VD) 設計系(Na) 動畫組(Nc),視覺 傳達 設計系 動畫組,視覺 傳達 設計系 ( 動畫組 )
3,  視覺傳播,視覺(Na) 傳播(VC),視覺 傳播,    視覺 傳播
3,  視覺傳達,視覺(Na) 傳達(VD),視覺 傳達,    視覺 傳達
3,流行設計系,流行(VH) 設計系(Nc),流行 設計系,流行 設計系
3,音樂系,音樂系(Nc),音樂系,音樂系
3,室內設計系,設計(Nc),設計,室內 設計系
3,工業設計學系,工業(Na) 設計(Na) 學系(Na),工業 設計 學系,工業 設計 學系
3,商業設計系,商業(Na) 設計系(Nc),商業 設計系,商業 設計系
3,遊戲動化學程系 ,遊戲(Na) 動化(VHC) 學程(Nc),遊戲 動化 學程,遊戲 動化 學程系  
3,時尚設計與管理,時尚(Na) 設計(Na) 管理(Na),時尚 設計 管理,時尚 設計 與 管理
3,數位媒體 ,媒體(Na),媒體,數位 媒體  
3,視學傳達設計系,傳達(VD) 設計系(Nc),傳達 設計系,視學 傳達 設計系
3,視覺傳達科 ,視覺(Na) 傳達(VD),視覺 傳達,視覺 傳達科  
3,情報設計系(台灣算平面設計),情報(Na) 設計系(Nc) 台灣(Nc) 平面(Na) 設計(Na),情報 設計系 台灣 平面 設計,情報 設計系 ( 台灣算 平面 設計 )
3,商設系,商設系(Nc),商設系,商設系
4,  應用外語,應用(Na) 外語(Na),應用 外語,    應用 外語
4,應用英語系,應用(Na) 英語系(Nc),應用 英語系,應用 英語系
4,台灣語文學系,台灣(Nc) 語文(Na) 學系(Na),台灣 語文 學系,台灣語 文學系
4,  應用英語,應用(Na) 英語(Na),應用 英語,    應用 英語
4,應用英語系,應用(Na) 英語系(Nc),應用 英語系,應用 英語系
4,中文系,中文系(Nc),中文系,中文系
4,应用英語系,应用(VC) 英語系(Nc),应用 英語系,应用 英語系
4,宗教文化與組織管理,宗教(Na) 文化(Na) 組織(Na) 管理(Na),宗教 文化 組織 管理,宗教 文化 與 組織 管理
4,  台灣文學,台灣(Nc) 文學(Na),台灣 文學,    台灣 文學
4,生態人文學系,生態(Na) 人文(Na) 學系(Na),生態 人文 學系,生態 人文 學系
4,應用日文,應用(Na) 日文(Na),應用 日文,應用 日文
4,日文系,日文系(Nc),日文系,日文系
4,  中文,中文(Na),中文,    中文
4,中國文學系,中國(Nc) 文學系(Nc),中國 文學系,中國 文學系
4,應用外語系,應用(Na) 外語系(Nc),應用 外語系,應用 外 語系
4,英文系,英文系(Nc),英文系,英文系
4,應用外語系,應用(Na) 外語系(Nc),應用 外語系,應用 外 語系
4,翻譯系,翻譯系(Nc),翻譯系,翻譯系
4,  日文,日文(Na),日文,    日文
4,應用華語系,應用(Na) 華語系(Nc),應用 華語系,應用 華語系
4,  人類學,人類學(Na),人類學,    人類學
4,  日文,日文(Na),日文,    日文
4,  外文,外文(Na),外文,    外文
4,中國語文學系,中國(Nc) 語文(Na) 學系(Na),中國 語文 學系,中國語 文學系
4,  外語系英語教學組,外語系(Nc) 英語(Na) 教學組(Nc),外語系 英語 教學組,    外語 系英語 教學組
4,  日本語文,日本(Nc) 語文(Na),日本 語文,    日本 語文
4,應用外語系,應用(Na) 外語系(Nc),應用 外語系,應用 外 語系
4,  法文,法文(Na),法文,    法文
4,中文系,中文系(Nc),中文系,中文系
4,  社會,社會(Na),社會,    社會
4,  國文,國文(Na),國文,    國文
4,日文系,日文系(Nc),日文系,日文系
4,西班牙文,西班牙文(Na),西班牙文,西班牙文
4,外國語文學系,外國(Nc) 語文(Na) 學系(Na),外國 語文 學系,外國語 文學系
4,  外語,外語(Na),外語,    外語
4,  應用外語,應用(Na) 外語(Na),應用 外語,    應用 外語
4,  中文,中文(Na),中文,    中文
4,歷史學系,歷史(Na) 學系(Na),歷史 學系,歷史 學系
4,西班牙文,西班牙文(Na),西班牙文,西班牙文
4,  應用外語,應用(Na) 外語(Na),應用 外語,    應用 外語
4,應用英語科,應用(Na) 英語科(Na),應用 英語科,應用 英語科
4,日文系,日文系(Nc),日文系,日文系
4,英文系,英文系(Nc),英文系,英文系
4,  日文,日文(Na),日文,    日文
4,哲學,哲學(Na),哲學,哲學
4,歷史系,歷史系(Nc),歷史系,歷史系
4,應用日語系,應用(Na) 日語系(Nc),應用 日語系,應用 日 語系
4,應用日語系,應用(Na) 日語系(Nc),應用 日語系,應用 日 語系
4,日文系,日文系(Nc),日文系,日文系
4,  嬰用外語,嬰用(Na) 外語(Na),嬰用 外語,    嬰用 外語
4,  歷史,歷史(Na),歷史,    歷史
4,  國文,國文(Na),國文,    國文
4,法國語文學系,法國(Nc) 語文(Na) 學系(Na),法國 語文 學系,法國語 文學系
4,華語文學系,華語文(Nc) 學系(Na),華語文 學系,華語 文學系
4,哲學系,哲學系(Nc),哲學系,哲學系
4,應用外語,應用(Na) 外語(Na),應用 外語,應用 外語
4,歷史系 ,歷史系(Nc),歷史系,歷史系  
4,英語學系,英語(Na) 學系(Na),英語 學系,英語 學系
4,應用外語系,應用(Na) 外語系(Nc),應用 外語系,應用 外 語系
4,日文,日文(Na),日文,日文
4,  英語,英語(Na),英語,    英語
4,應用外語系,應用(Na) 外語系(Nc),應用 外語系,應用 外 語系
4,  應用外語,應用(Na) 外語(Na),應用 外語,    應用 外語
4,國文系,國文系(Nc),國文系,國文系
4,日文學系,日文(Na) 學系(Na),日文 學系,日文 學系
4,應用外語系 ,應用(Na) 外語系(Nc),應用 外語系,應用 外 語系  
4,英文,英文(Na),英文,英文
4,英文系,英文系(Nc),英文系,英文系
4,  日本與文學系,日本(Nc) 文學系(Nc),日本 文學系,    日本 與 文學系
4,  德文,德文(Na),德文,    德文
4,  英文,英文(Na),英文,    英文
4,應用英文系 ,應用(Na) 英文系(Nc),應用 英文系,應用 英文系  
4,中文 ,中文(Na),中文,中文  
4,應用外文系,應用(Na) 外文系(Nc),應用 外文系,應用 外文系
4,英文系,英文系(Nc),英文系,英文系
4,應用英語系,應用(Na) 英語系(Nc),應用 英語系,應用 英語系
4,應用日語系,應用(Na) 日語系(Nc),應用 日語系,應用 日 語系
4,歷史系,歷史系(Nc),歷史系,歷史系
4,應用日語系,應用(Na) 日語系(Nc),應用 日語系,應用 日 語系
4,應用英文,應用(Na) 英文(Na),應用 英文,應用 英文
4,  外文,外文(Na),外文,    外文
4,應用外語系,應用(Na) 外語系(Nc),應用 外語系,應用 外 語系
4,  應用英文,應用(Na) 英文(Na),應用 英文,    應用 英文
4,歷史系,歷史系(Nc),歷史系,歷史系
4,應用外語日文,應用(Na) 外語(Na) 日文(Na),應用 外語 日文,應用 外語 日文
4,中國文學,中國(Nc) 文學(Na),中國 文學,中國 文學
4,  哲學,哲學(Na),哲學,    哲學
4,  中文,中文(Na),中文,    中文
4,應用日文系,應用(Na) 日文系(Nc),應用 日文系,應用 日文系
4,外國語文學系,外國(Nc) 語文(Na) 學系(Na),外國 語文 學系,外國語 文學系
4,宗教,宗教(Na),宗教,宗教
4,  中文,中文(Na),中文,    中文
4,英美語文學系,美語(Nc) 文學系(Na),美語 文學系,英美 語文學系
4,應用日文系 ,應用(Na) 日文系(Nc),應用 日文系,應用 日文系  
4,應用外語系,應用(Na) 外語系(Nc),應用 外語系,應用 外 語系
4,歐洲語文系,歐洲(Nc) 語文系(Nc),歐洲 語文系,歐洲 語文系
4,  日文,日文(Na),日文,    日文
4,日文,日文(Na),日文,日文
4,西班牙文,西班牙文(Na),西班牙文,西班牙文
4,  應用英語,應用(Na) 英語(Na),應用 英語,    應用 英語
4,國語文學系,國語文(Na) 學系(Na),國語文 學系,國語 文學系
4,英國語文 ,英國(Nc) 語文(Na),英國 語文,英國 語文  
4,應用日文系,應用(Na) 日文系(Nc),應用 日文系,應用 日文系
4,歷史系,歷史系(Nc),歷史系,歷史系
4,英語系,英語系(Nc),英語系,英語系
4,應用外語系,應用(Na) 外語系(Nc),應用 外語系,應用 外 語系
4,  英美語文學,美語(Nc) 文學(Na),美語 文學,    英美 語文學
4,應用日文系,應用(Na) 日文系(Nc),應用 日文系,應用 日文系
4,  應用外語,應用(Na) 外語(Na),應用 外語,    應用 外語
4,哲學系,哲學系(Nc),哲學系,哲學系
4,  應用英文,應用(Na) 英文(Na),應用 英文,    應用 英文
4,哲學系 ,哲學系(Nc),哲學系,哲學系  
4,  日本語文,日本(Nc) 語文(Na),日本 語文,    日本 語文
4,中國文學系,中國(Nc) 文學系(Nc),中國 文學系,中國 文學系
4,應用外語,應用(Na) 外語(Na),應用 外語,應用 外語
4,  外國語文,外國(Nc) 語文(Na),外國 語文,    外國 語文
4,中文系,中文系(Nc),中文系,中文系
4,中文系,中文系(Nc),中文系,中文系
4,  中國文學,中國(Nc) 文學(Na),中國 文學,    中國 文學
4,應用日文系 ,應用(Na) 日文系(Nc),應用 日文系,應用 日文系  
4,外文系,外文系(Nc),外文系,外文系
4,  應用外語,應用(Na) 外語(Na),應用 外語,    應用 外語
4,應用英語 ,應用(Na) 英語(Na),應用 英語,應用 英語  
4,外文系,外文系(Nc),外文系,外文系
4,  日文,日文(Na),日文,    日文
4,  日文,日文(Na),日文,    日文
4,英語學系,英語(Na) 學系(Na),英語 學系,英語 學系
4,  英國語文,英國(Nc) 語文(Na),英國 語文,    英國 語文
4,應用外文系,應用(Na) 外文系(Nc),應用 外文系,應用 外文系
4,  中文,中文(Na),中文,    中文
4,法文系,法文系(Nc),法文系,法文系
4,西班牙語系,西班牙語系(Nc),西班牙語系,西班牙 語系
4,  西班牙,西班牙(Nc),西班牙,    西班牙
4,外語系,外語系(Nc),外語系,外語系
4,哲學系,哲學系(Nc),哲學系,哲學系
4,應用外語系,應用(Na) 外語系(Nc),應用 外語系,應用 外 語系
4,  日本語文,日本(Nc) 語文(Na),日本 語文,    日本 語文
4,  哲學,哲學(Na),哲學,    哲學
4,外國語文學系,外國(Nc) 語文(Na) 學系(Na),外國 語文 學系,外國語 文學系
4,  外文,外文(Na),外文,    外文
4,日文系,日文系(Nc),日文系,日文系
4,歷史學係,歷史學(Na),歷史學,歷史學 係
4,哲學系 ,哲學系(Nc),哲學系,哲學系  
4,應用日語學系,應用(Na) 日語(Na) 學系(Na),應用 日語 學系,應用 日語 學系
4,華語文系,華語文系(Nc),華語文系,華語 文系
4,應用外語,應用(Na) 外語(Na),應用 外語,應用 外語
4,  歷史,歷史(Na),歷史,    歷史
4,  哲學,哲學(Na),哲學,    哲學
4,  語文,語文(Na),語文,    語文
4,  應用英語,應用(Na) 英語(Na),應用 英語,    應用 英語
4,東亞語文學系,東亞(Nc) 語文(Na) 學系(Na),東亞 語文 學系,東亞語 文學系
4,英美語文學系,美語(Nc) 文學系(Na),美語 文學系,英美 語文學系
4,  英文,英文(Na),英文,    英文
4,應用外語 ,應用(Na) 外語(Na),應用 外語,應用 外語  
4,應用外語系 ,應用(Na) 外語系(Nc),應用 外語系,應用 外 語系  
4,西班牙文系,西班牙文系(Nc),西班牙文系,西班牙文 系
4,義大利文系,義大利文系(Nc),義大利文系,義大 利文 系
4,應用日文,應用(Na) 日文(Na),應用 日文,應用 日文
4,日本語文學系,日本(Nc) 語文(Na) 學系(Na),日本 語文 學系,日本 語文學系
4,  應用日語,應用(Na) 日語(Na),應用 日語,    應用 日語
4,應用外語系,應用(Na) 外語系(Nc),應用 外語系,應用 外 語系
4,中文系,中文系(Nc),中文系,中文系
4,應用外語系,應用(Na) 外語系(Nc),應用 外語系,應用 外 語系
4,臺灣文化學系,臺灣(Nc) 文化(Na) 學系(Na),臺灣 文化 學系,臺 灣 文化 學系
4,應用英語系,應用(Na) 英語系(Nc),應用 英語系,應用 英語系
4,  日文與英文,日文(Na) 英文(Na),日文 英文,    日文 與 英文
4,  外語,外語(Na),外語,    外語
4,  日文,日文(Na),日文,    日文
4,應用外語系 ,應用(Na) 外語系(Nc),應用 外語系,應用 外 語系  
4,日文系,日文系(Nc),日文系,日文系
4,  英文,英文(Na),英文,    英文
4,翻譯系,翻譯系(Nc),翻譯系,翻譯系
4,日文,日文(Na),日文,日文
4,人文學系,人文學系(Na),人文學系,人文 學系
4,中文系 ,中文系(Nc),中文系,中文系  
4,應用日文系 ,應用(Na) 日文系(Nc),應用 日文系,應用 日文系  
4,英國語文 ,英國(Nc) 語文(Na),英國 語文,英國 語文  
4,  英國語文,英國(Nc) 語文(Na),英國 語文,    英國 語文
4,日本語文學系,日本(Nc) 語文(Na) 學系(Na),日本 語文 學系,日本 語文學系
4,英文系,英文系(Nc),英文系,英文系
4,  應用英語,應用(Na) 英語(Na),應用 英語,    應用 英語
4,應用日語,應用(Na) 日語(Na),應用 日語,應用 日語
4,中文系,中文系(Nc),中文系,中文系
4,法文系 ,法文系(Nc),法文系,法文系  
4,  應用英語,應用(Na) 英語(Na),應用 英語,    應用 英語
4,中國文學系,中國(Nc) 文學系(Nc),中國 文學系,中國 文學系
4,中文系,中文系(Nc),中文系,中文系
4,應用外語系,應用(Na) 外語系(Nc),應用 外語系,應用 外 語系
4,應用日文系,應用(Na) 日文系(Nc),應用 日文系,應用 日文系
4,  英文,英文(Na),英文,    英文
4,應用日語系 ,應用(Na) 日語系(Nc),應用 日語系,應用 日 語系  
4,中國文學 ,中國(Nc) 文學(Na),中國 文學,中國 文學  
4,  應用外文,應用(Na) 外文(Na),應用 外文,    應用 外文
4,  國文,國文(Na),國文,    國文
4,  應用外語,應用(Na) 外語(Na),應用 外語,    應用 外語
4,應用日語科系,應用(Na) 日語(Na) 科系(Na),應用 日語 科系,應用 日語 科系
4,英國語文學系,英國(Nc) 語文(Na) 學系(Na),英國 語文 學系,英國語 文學系
4,英國文學,英國(Nc) 文學(Na),英國 文學,英國 文學
4,  應用外語系,應用(Na) 外語系(Nc),應用 外語系,    應用 外 語系
5,幼保系,幼保系(Nc),幼保系,幼保系
5,幼兒保育系,幼兒(Na) 保育系(Nc),幼兒 保育系,幼兒 保育 系
5,  經濟,經濟(Na),經濟,    經濟
5,  行政管理,行政(Na) 管理(VC),行政 管理,    行政 管理
5,幼保系 ,幼保系(Nc),幼保系,幼保系  
5,老人服務事業管理系,老人(Na) 服務(VC) 事業(Na) 管理(Nc),老人 服務 事業 管理,老人 服務事業 管理系
5,  政治,政治(Na),政治,    政治
5,社會學系,社會學系(Nc),社會學系,社會 學系
5,公共行政學系,行政(Na) 學系(Na),行政 學系,公共行政 學系
5,心理輔導系,心理(Na) 輔導(VC),心理 輔導,心理 輔導系
5,國際暨大陸事務學系,國際(Nc) 大陸(Nc) 事務(Na) 學系(Na),國際 大陸 事務 學系,國際 暨大 陸事務學系
5,老人服務事業管理,老人(Na) 服務(VC) 事業(Na) 管理(VC),老人 服務 事業 管理,老人 服務事業 管理
5,  公共行政,行政(Na),行政,    公共行政
5,社會系,社會系(Nc),社會系,社會系
5,  公共行政,行政(Na),行政,    公共行政
5,  社會工作,社會(Na) 工作(Na),社會 工作,    社會 工作
5,經濟學系,經濟學系(Na),經濟學系,經濟 學系
5,公共事務管理系 ,事務(Na) 管理系(Nc),事務 管理系,公共 事務 管理系  
5,地政系,地政系(Nc),地政系,地政系
5,社會工作系,社會(Na) 工作(Na),社會 工作,社會 工作 系
5,  公共行政,行政(Na),行政,    公共行政
5,經濟,經濟(Na),經濟,經濟
5,政治系國際關係組,政治系(Nc) 國際(Nc) 關係(Na),政治系 國際 關係,政治系 國際關 係 組
5,幼兒保育系,幼兒(Na) 保育系(Nc),幼兒 保育系,幼兒 保育 系
5,經濟系,經濟系(Nc),經濟系,經濟系
5,地理系,地理系(Nc),地理系,地理系
5,幼兒保育科系,幼兒(Na) 保育(Nv) 科系(Na),幼兒 保育 科系,幼兒 保育 科系
5,社會工作學系,社會(Na) 工作(Na) 學系(Na),社會 工作 學系,社會 工作 學系
5,地政系,地政系(Nc),地政系,地政系
5,  經濟,經濟(Na),經濟,    經濟
5,社會工作系,社會(Na) 工作(Na),社會 工作,社會 工作 系
5,  經濟,經濟(Na),經濟,    經濟
5,幼兒保育系,幼兒(Na) 保育系(Nc),幼兒 保育系,幼兒 保育 系
5,心理學系,心理學系(Nc),心理學系,心理 學系
5,  心理學,心理學(Na),心理學,    心理 學
5,勞工系,勞工系(Nc),勞工系,勞工系
5,心理系,心理系(Nc),心理系,心理系
5,社會工作系,社會(Na) 工作(Na),社會 工作,社會 工作 系
5,合作經濟學系,合作(VH) 經濟(Na) 學系(Na),合作 經濟 學系,合作 經濟 學系
5,社工系,社工系(Nc),社工系,社工 系
5,幼兒保育學系,幼兒(Na) 保育(Nv) 學系(Na),幼兒 保育 學系,幼兒 保育 學系
5,  公共行政,行政(Na),行政,    公共行政
5,經濟學系,經濟學系(Na),經濟學系,經濟 學系
5,社會福利,社會(Na) 福利(Na),社會 福利,社會 福利
5,  經濟,經濟(Na),經濟,    經濟
5,心理學,心理學(Na),心理學,心理 學
5,社會工作學系,社會(Na) 工作(Na) 學系(Na),社會 工作 學系,社會 工作 學系
5,老人服務事業管理系,老人(Na) 服務(VC) 事業(Na) 管理(Nc),老人 服務 事業 管理,老人 服務事業 管理系
5,心理諮商,心理(Na) 諮商(VE),心理 諮商,心理 諮 商
5,  經濟,經濟(Na),經濟,    經濟
5,嬰幼兒保育系,嬰幼兒(Na) 保育系(Nc),嬰幼兒 保育系,嬰幼兒 保育 系
5,經濟學系,經濟學系(Na),經濟學系,經濟 學系
5,  經濟,經濟(Na),經濟,    經濟
5,社會暨政策科學學系,社會(Na) 政策(Na) 科學(Na) 學系(Na),社會 政策 科學 學系,社會 暨 政策 科學學系
5,家庭研究與兒童發展係,家庭(Na) 研究(Nv) 兒童(Na) 發展(Na),家庭 研究 兒童 發展,家庭 研究 與 兒童 發展 係
5,文化與自然資源學系,文化(Na) 自然(Na) 資源(Na) 學系(Na),文化 自然 資源 學系,文化 與 自然 資源 學系
5,幼兒保育系,幼兒(Na) 保育系(Nc),幼兒 保育系,幼兒 保育 系
5,  社工,社工(Na),社工,    社工
5,經濟系,經濟系(Nc),經濟系,經濟系
5,家庭研究與兒童發展,家庭(Na) 研究(Nv) 兒童(Na) 發展(Na),家庭 研究 兒童 發展,家庭 研究 與 兒童 發展
5,心理學系,心理學系(Nc),心理學系,心理 學系
5,社会工作,社会(Nc) 工作(Na),社会 工作,社会工作
5,  勞動,勞動(VC),勞動,    勞動
5,社會工作系,社會(Na) 工作(Na),社會 工作,社會 工作 系
5,應用經濟學系 ,應用(Na) 經濟學系(Na),應用 經濟學系,應用 經濟 學系  
5,經濟學系,經濟學系(Na),經濟學系,經濟 學系
5,老人福利與事業系,老人(Na) 福利(Na) 事業系(Na),老人 福利 事業系,老人 福利 與 事業系
5,  公共行政,行政(Na),行政,    公共行政
5,幼保系,幼保系(Nc),幼保系,幼保系
5,公共行政暨政策學系,行政(Na) 政策(Na) 學系(Na),行政 政策 學系,公共行政 暨 政策 學系
5,社會工作學系,社會(Na) 工作(Na) 學系(Na),社會 工作 學系,社會 工作 學系
5,  合作經濟,合作(VH) 經濟(Na),合作 經濟,    合作 經濟
5,幼兒保育系,幼兒(Na) 保育系(Nc),幼兒 保育系,幼兒 保育 系
5,  政治,政治(Na),政治,    政治
5,  經濟,經濟(Na),經濟,    經濟
5,  經濟,經濟(Na),經濟,    經濟
5,社會福利學系,社會(Na) 福利(Na) 學系(Na),社會 福利 學系,社會 福利 學系
5,  勞工關係,勞工(Na) 關係(Na),勞工 關係,    勞工關 係
5,政治系,政治系(Nc),政治系,政治系
5,應用經濟系 ,應用(Na) 經濟系(Nc),應用 經濟系,應用 經濟系  
5,地理系,地理系(Nc),地理系,地理系
5,  心理學,心理學(Na),心理學,    心理 學
5,社會工作,社會(Na) 工作(Na),社會 工作,社會 工作
5,幼保,幼保(Na),幼保,幼保
5,  社工,社工(Na),社工,    社工
5,  政治,政治(Na),政治,    政治
5,  經濟,經濟(Na),經濟,    經濟
5,  社會工作,社會(Na) 工作(Na),社會 工作,    社會 工作
5,社會工作學系,社會(Na) 工作(Na) 學系(Na),社會 工作 學系,社會 工作 學系
5,經濟學系,經濟學系(Na),經濟學系,經濟 學系
5,  社會,社會(Na),社會,    社會
5,  社會福利學,社會(Na) 福利(Na),社會 福利,    社會 福利 學
5,社會工作學系,社會(Na) 工作(Na) 學系(Na),社會 工作 學系,社會 工作 學系
5,社工系,社工系(Nc),社工系,社工 系
5,地理系,地理系(Nc),地理系,地理系
5,  政治,政治(Na),政治,    政治
5,經濟系,經濟系(Nc),經濟系,經濟系
5,青少年兒童福利學系 ,青少年(Na) 兒童(Na) 福利(Na) 學系(Na),青少年 兒童 福利 學系,青少年 兒童 福利 學系  
5,  合作經濟,合作(VH) 經濟(Na),合作 經濟,    合作 經濟
6,  國際企業經營管理,國際(Nc) 企業(Na) 經營(VC) 管理(VC),國際 企業 經營 管理,    國際 企業 經營 管理
6,電子商務管理學系 ,電子(Na) 商務(Na) 管理(VC) 學系(Na),電子 商務 管理 學系,電子 商務 管理 學系  
6,企業管理系,企業(Na) 管理(Nc),企業 管理,企業 管理系
6,  企業管理,企業(Na) 管理(Na),企業 管理,    企業 管理
6,  會計,會計(Na),會計,    會計
6,企業管理,企業(Na) 管理(Na),企業 管理,企業 管理
6,企業管理系,企業(Na) 管理(Nc),企業 管理,企業 管理系
6,  資訊管理,資訊(Na) 管理(VC),資訊 管理,    資訊 管理
6,  會計,會計(Na),會計,    會計
6,  行銷流通,行銷(Na) 流通(VA),行銷 流通,    行銷 流通
6,行銷與流通管理系,行銷(Na) 流通(Nv) 管理(Nc),行銷 流通 管理,行銷 與 流通 管理系
6,會計系,會計系(Nc),會計系,會計系
6,  企管,企管(Na),企管,    企管
6,企業管理系 ,企業(Na) 管理系(Na),企業 管理系,企業 管理系  
6,  工業工程與管理,工業(Na) 工程(Na) 管理(Na),工業 工程 管理,    工業 工程 與 管理
6,  金融,金融(Na),金融,    金融
6,  國際貿易,國際(Nc) 貿易(Na),國際 貿易,    國際 貿易
6,  企管,企管(Na),企管,    企管
6,保險系,保險系(Nc),保險系,保險系
6,  保險,保險(Na),保險,    保險
6,企業管理系,企業(Na) 管理(Nc),企業 管理,企業 管理系
6,  會計,會計(Na),會計,    會計
6,財務金融系,財務(Na) 金融系(Nc),財務 金融系,財務 金融系
6,行銷與流通管理,行銷(Na) 流通(Nv) 管理(Na),行銷 流通 管理,行銷 與 流通 管理
6,行銷與物流管理學系,行銷(Na) 物流(Na) 管理(Na) 學系(Na),行銷 物流 管理 學系,行銷 與 物流 管理 學系
6,  國貿,國貿(Na),國貿,    國貿
6,會計系,會計系(Nc),會計系,會計系
6,  商業文書,商業(Na) 文書(Na),商業 文書,    商業 文書
6,  國貿,國貿(Na),國貿,    國貿
6,  國際企業,國際(Nc) 企業(Na),國際 企業,    國際 企業
6,財政稅務系,財政(Na) 稅務系(Nc),財政 稅務系,財政稅務系
6,  資訊管理,資訊(Na) 管理(VC),資訊 管理,    資訊 管理
6,  工商管理學系工業管理組,工商(Na) 管理(VC) 學系(Na) 工業(Na) 管理(Na),工商 管理 學系 工業 管理,    工商管理 學系 工業 管理 組
6,  財務金融,財務(Na) 金融(Na),財務 金融,    財務 金融
6,  國貿,國貿(Na),國貿,    國貿
6,財政税務系,財政(Na) 税務系(Nc),財政 税務系,財政税務系
6,  企業管理,企業(Na) 管理(Na),企業 管理,    企業 管理
6,行銷與流通管理,行銷(Na) 流通(Nv) 管理(Na),行銷 流通 管理,行銷 與 流通 管理
6,會計系,會計系(Nc),會計系,會計系
6,會計,會計(Na),會計,會計
6,企業管理系 ,企業(Na) 管理系(Na),企業 管理系,企業 管理系  
6,  財務管理,財務(Na) 管理(VC),財務 管理,    財務 管理
6,  資訊管理,資訊(Na) 管理(VC),資訊 管理,    資訊 管理
6,國際經營與貿易學系,國際(Nc) 經營(VC) 貿易(Na) 學系(Na),國際 經營 貿易 學系,國際 經營 與 貿易 學系
6,財經系,財經系(Nc),財經系,財經系
6,國際貿易系,國際(Nc) 貿易(Nc),國際 貿易,國際 貿易系
6,  工業管理,工業(Na) 管理(VC),工業 管理,    工業 管理
6,資訊管理學系,資訊(Na) 管理(VC) 學系(Na),資訊 管理 學系,資訊 管理 學系
6,  銀行保險,銀行(Nc) 保險(Na),銀行 保險,    銀行 保險
6,  企管,企管(Na),企管,    企管
6,  會計,會計(Na),會計,    會計
6,行銷管理,行銷(Na) 管理(VC),行銷 管理,行銷 管理
6,企業管理學系,企業(Na) 管理(Na) 學系(Na),企業 管理 學系,企業 管理 學系
6,財政稅務系,財政(Na) 稅務系(Nc),財政 稅務系,財政稅務系
6,  醫務管理,醫務(Na) 管理(VC),醫務 管理,    醫務 管理
6,  銀行保險,銀行(Nc) 保險(Na),銀行 保險,    銀行 保險
6,  財金,財金(Na),財金,    財金
6,  商業管理,商業(Na) 管理(Na),商業 管理,    商業 管理
6,  保險與金融管理,保險(Na) 金融(Na) 管理(VC),保險 金融 管理,    保險 與 金融管理
6,財金系,財金系(Nc),財金系,財金系
6,企業管理,企業(Na) 管理(Na),企業 管理,企業 管理
6,  企業管理,企業(Na) 管理(Na),企業 管理,    企業 管理
6,國際商務系,國際(Nc) 商務系(Nc),國際 商務系,國際 商務系
6,  會計,會計(Na),會計,    會計
6,企業管理系,企業(Na) 管理(Nc),企業 管理,企業 管理系
6,  資管,資管(Na),資管,    資管
6,企業管理系,企業(Na) 管理(Nc),企業 管理,企業 管理系
6,  國貿,國貿(Na),國貿,    國貿
6,企業管理學系,企業(Na) 管理(Na) 學系(Na),企業 管理 學系,企業 管理 學系
6,企業管理系,企業(Na) 管理(Nc),企業 管理,企業 管理系
6,財政稅務,財政(Na) 稅務(Na),財政 稅務,財政稅務
6,  企管,企管(Na),企管,    企管
6,國際企業學系,國際(Nc) 企業(Na) 學系(Na),國際 企業 學系,國際 企業 學系
6,  資管,資管(Na),資管,    資管
6,  財經,財經(Na),財經,    財經
6,銀行保險系 ,銀行(Nc) 保險系(Nc),銀行 保險系,銀行 保險系  
6,  企管,企管(Na),企管,    企管
6,國際企業系,國際(Nc) 企業(Nc),國際 企業,國際 企業系
6,  企管,企管(Na),企管,    企管
6,財務金融系,財務(Na) 金融系(Nc),財務 金融系,財務 金融系
6,  商用日文,日文(Na),日文,    商用 日文
6,行銷管理系,行銷(Na) 管理(VC),行銷 管理,行銷 管理系
6,  商業文書,商業(Na) 文書(Na),商業 文書,    商業 文書
6,行銷流通系,行銷(Na) 流通(Nv),行銷 流通,行銷 流通 系
6,財務金融管理學系,財務(Na) 金融(Na) 管理(VC) 學系(Na),財務 金融 管理 學系,財務 金融管理 學系
6,財務金融系,財務(Na) 金融系(Nc),財務 金融系,財務 金融系
6,會計系,會計系(Nc),會計系,會計系
6,  財務金融,財務(Na) 金融(Na),財務 金融,    財務 金融
6,保險金融系,保險(Na) 金融系(Nc),保險 金融系,保險 金融系
6,  資管,資管(Na),資管,    資管
6,  會計,會計(Na),會計,    會計
6,企業管理系,企業(Na) 管理(Nc),企業 管理,企業 管理系
6,  企管,企管(Na),企管,    企管
6,  企業管理,企業(Na) 管理(Na),企業 管理,    企業 管理
6,  商業文書,商業(Na) 文書(Na),商業 文書,    商業 文書
6,  行銷管理,行銷(Na) 管理(VC),行銷 管理,    行銷 管理
6,國際企業管理學系,國際(Nc) 企業(Na) 管理(VC) 學系(Na),國際 企業 管理 學系,國際 企業 管理 學系
6,工業管理系,工業(Na) 管理(Nc),工業 管理,工業 管理系
6,企業管理系,企業(Na) 管理(Nc),企業 管理,企業 管理系
6,  會計,會計(Na),會計,    會計
6,  企業管理,企業(Na) 管理(Na),企業 管理,    企業 管理
6,  商業文書,商業(Na) 文書(Na),商業 文書,    商業 文書
6,房地產開發與管理系,房地產(Na) 開發(Nv) 管理(VC),房地產 開發 管理,房地產 開發 與 管理系
6,  資訊管理,資訊(Na) 管理(VC),資訊 管理,    資訊 管理
6,  財政,財政(Na),財政,    財政
6,  行銷管理,行銷(Na) 管理(VC),行銷 管理,    行銷 管理
6,企業管理,企業(Na) 管理(Na),企業 管理,企業 管理
6,  工業工程管理,工業(Na) 工程(Na) 管理(VC),工業 工程 管理,    工業 工程 管理
6,  流通管理,流通(Nv) 管理(VC),流通 管理,    流通 管理
6,  國貿,國貿(Na),國貿,    國貿
6,  醫務管理,醫務(Na) 管理(VC),醫務 管理,    醫務 管理
6,  企管,企管(Na),企管,    企管
6,企管系,企管系(Nc),企管系,企管系
6,保險金融管理學系,保險(Na) 金融(Na) 管理(VC) 學系(Na),保險 金融 管理 學系,保險 金融管理 學系
6,傳播管理學系,傳播(Na) 管理(Na) 學系(Na),傳播 管理 學系,傳播 管理 學系
6,國際企業管理,國際(Nc) 企業(Na) 管理(Na),國際 企業 管理,國際 企業 管理
6,財務金融 ,財務(Na) 金融(Na),財務 金融,財務 金融  
6,企業管理學系 ,企業(Na) 管理(Na) 學系(Na),企業 管理 學系,企業 管理 學系  
6,  統計,統計(Na),統計,    統計
6,國際企業經營系,國際(Nc) 企業(Na) 經營(Nc),國際 企業 經營,國際 企業 經營系
6,  管理資訊,管理(VC) 資訊(Na),管理 資訊,    管理 資訊
6,醫務管理系,醫務(Na) 管理(VC),醫務 管理,醫務 管理系
6,  資訊管理與行銷,資訊(Na) 管理(Na) 行銷(Na),資訊 管理 行銷,    資訊 管理 與 行銷
6,  國際貿易,國際(Nc) 貿易(Na),國際 貿易,    國際 貿易
6,  商業經營,商業(Na) 經營(VC),商業 經營,    商業 經營
6,  企管,企管(Na),企管,    企管
6,國際貿易學系,國際(Nc) 貿易(Na) 學系(Na),國際 貿易 學系,國際 貿易 學系
6,企管系,企管系(Nc),企管系,企管系
6,  工業管理,工業(Na) 管理(VC),工業 管理,    工業 管理
6,會計資訊系,會計(Na) 資訊系(Nc),會計 資訊系,會計 資訊系
6,國際貿易系 ,國際(Nc) 貿易系(Nc),國際 貿易系,國際 貿易系  
6,  企管,企管(Na),企管,    企管
6,  國際貿易,國際(Nc) 貿易(Na),國際 貿易,    國際 貿易
6,  商業文書,商業(Na) 文書(Na),商業 文書,    商業 文書
6,  銀行保險,銀行(Nc) 保險(Na),銀行 保險,    銀行 保險
6,產業經營管理學系,產業(Na) 經營(VC) 管理(Na) 學系(Na),產業 經營 管理 學系,產業 經營 管理 學系
6,金融與合作経營系,金融(Na) 合作(VH) 経營系(Nc),金融 合作 経營系,金融 與 合作 経 營 系
6,會計,會計(Na),會計,會計
6,醫務管理學系,醫務(Na) 管理(VC) 學系(Na),醫務 管理 學系,醫務 管理 學系
6,  會計,會計(Na),會計,    會計
6,  企管系,企管系(Nc),企管系,    企管系
6,國際貿易,國際(Nc) 貿易(Na),國際 貿易,國際 貿易
6,企業管理系 ,企業(Na) 管理系(Na),企業 管理系,企業 管理系  
6,  會計,會計(Na),會計,    會計
6,  國貿,國貿(Na),國貿,    國貿
6,  財政稅務,財政(Na) 稅務(Na),財政 稅務,    財政稅務
6,財務金融系,財務(Na) 金融系(Nc),財務 金融系,財務 金融系
6,  會計,會計(Na),會計,    會計
6,財經系,財經系(Nc),財經系,財經系
6,國際企業學系,國際(Nc) 企業(Na) 學系(Na),國際 企業 學系,國際 企業 學系
6,  財務金融,財務(Na) 金融(Na),財務 金融,    財務 金融
6,企管,企管(Na),企管,企管
6,企業管理 ,企業(Na) 管理(Na),企業 管理,企業 管理  
6,  企業管理,企業(Na) 管理(Na),企業 管理,    企業 管理
6,企管系,企管系(Nc),企管系,企管系
6,  資訊傳播,資訊(Na) 傳播(VC),資訊 傳播,    資訊 傳播
6,管理與資訊系,管理(VC) 資訊系(Nc),管理 資訊系,管理 與 資訊系
6,  財經,財經(Na),財經,    財經
6,工業管理系,工業(Na) 管理(Nc),工業 管理,工業 管理系
6,  會計資訊,會計(Na) 資訊(Na),會計 資訊,    會計 資訊
6,國貿系,國貿系(Nc),國貿系,國貿系
6,  國貿,國貿(Na),國貿,    國貿
6,企業管理科,企業(Na) 管理(Na),企業 管理,企業 管理科
6,  國際貿易,國際(Nc) 貿易(Na),國際 貿易,    國際 貿易
6,  國貿,國貿(Na),國貿,    國貿
6,  財務金融,財務(Na) 金融(Na),財務 金融,    財務 金融
6,會計系,會計系(Nc),會計系,會計系
6,  財務金融,財務(Na) 金融(Na),財務 金融,    財務 金融
6,  商學,商學(Na),商學,    商學
6,國際企業管理系,國際(Nc) 企業(Na) 管理(Nc),國際 企業 管理,國際 企業 管理系
6,會計系,會計系(Nc),會計系,會計系
6,資訊管理,資訊(Na) 管理(Na),資訊 管理,資訊 管理
6,行銷管理系,行銷(Na) 管理(VC),行銷 管理,行銷 管理系
6,企業管理,企業(Na) 管理(Na),企業 管理,企業 管理
6,財政稅務,財政(Na) 稅務(Na),財政 稅務,財政稅務
6,企業管理學系,企業(Na) 管理(Na) 學系(Na),企業 管理 學系,企業 管理 學系
6,企業管理系,企業(Na) 管理(Nc),企業 管理,企業 管理系
6,  財務金融,財務(Na) 金融(Na),財務 金融,    財務 金融
6,  財務金融,財務(Na) 金融(Na),財務 金融,    財務 金融
6,  財務金融,財務(Na) 金融(Na),財務 金融,    財務 金融
6,  資訊管理,資訊(Na) 管理(VC),資訊 管理,    資訊 管理
6,商業及管理學系商業及管理學,商業(Na) 管理(Na) 學系(Na) 商業(Na) 管理學(Na),商業 管理 學系 商業 管理學,商業 及 管理 學系 商業 及 管理 學
6,  行銷流通,行銷(Na) 流通(VA),行銷 流通,    行銷 流通
6,財務金融系,財務(Na) 金融系(Nc),財務 金融系,財務 金融系
6,  經濟,經濟(Na),經濟,    經濟
6,  會計,會計(Na),會計,    會計
6,  國貿,國貿(Na),國貿,    國貿
6,  銀保,銀保(Na),銀保,    銀保
6,資訊財經管理學系,資訊(Na) 財經(Na) 管理(VC) 學系(Na),資訊 財經 管理 學系,資訊 財經 管理 學系
6,  企業管理,企業(Na) 管理(Na),企業 管理,    企業 管理
6,  財政稅務,財政(Na) 稅務(Na),財政 稅務,    財政稅務
6,  商業類,商業類(Na),商業類,    商業類
6,  企管,企管(Na),企管,    企管
6,應用商學系,應用(Na) 商學系(Nc),應用 商學系,應用 商學系
6,企業管理,企業(Na) 管理(Na),企業 管理,企業 管理
6,物流管理系,物流(Na) 管理(Nc),物流 管理,物流 管理系
6,會計學,會計學(Na),會計學,會計學
6,  企業管理,企業(Na) 管理(Na),企業 管理,    企業 管理
6,  企管,企管(Na),企管,    企管
6,管理學院學士班(原系所:國際企業學系(英語專班)),管理(VC) 學院(Nc) 學士班(Nc) 系所(Nc) 國際(Nc) 企業(Na) 學系(Na) 英語(Na) 專班(Nc),管理 學院 學士班 系所 國際 企業 學系 英語 專班,管理 學院 學士班 ( 原系 所 : 國際 企業 學系 ( 英語 專班 ) )
6,  財經,財經(Na),財經,    財經
6,  會計,會計(Na),會計,    會計
6,財經系,財經系(Nc),財經系,財經系
6,企業管理學系,企業(Na) 管理(Na) 學系(Na),企業 管理 學系,企業 管理 學系
6,國際企業,國際(Nc) 企業(Na),國際 企業,國際 企業
6,  財務金融,財務(Na) 金融(Na),財務 金融,    財務 金融
6,  國貿,國貿(Na),國貿,    國貿
6,企業管理系,企業(Na) 管理(Nc),企業 管理,企業 管理系
6,企業管理系,企業(Na) 管理(Nc),企業 管理,企業 管理系
6,  國際貿易,國際(Nc) 貿易(Na),國際 貿易,    國際 貿易
6,企管系,企管系(Nc),企管系,企管系
6,企業管理系 ,企業(Na) 管理系(Na),企業 管理系,企業 管理系  
6,  工業管理,工業(Na) 管理(VC),工業 管理,    工業 管理
6,  財務金融,財務(Na) 金融(Na),財務 金融,    財務 金融
6,  資料管理,資料(Na) 管理(VC),資料 管理,    資料 管理
6,會計系,會計系(Nc),會計系,會計系
6,  企管,企管(Na),企管,    企管
6,  企業管理,企業(Na) 管理(Na),企業 管理,    企業 管理
6,行銷,行銷(Na),行銷,行銷
6,財務金融系,財務(Na) 金融系(Nc),財務 金融系,財務 金融系
6,  工業工程與管理,工業(Na) 工程(Na) 管理(Na),工業 工程 管理,    工業 工程 與 管理
6,  財務金融,財務(Na) 金融(Na),財務 金融,    財務 金融
6,國際貿易學系,國際(Nc) 貿易(Na) 學系(Na),國際 貿易 學系,國際 貿易 學系
6,  會計,會計(Na),會計,    會計
6,  企管,企管(Na),企管,    企管
6,  會計 二技 資管科 二專 ,會計(Na) 二技(Na) 資管科(Na) 二專(Nc),會計 二技 資管科 二專,    會計   二技   資 管科   二專  
6,  會計,會計(Na),會計,    會計
6,財務金融,財務(Na) 金融(Na),財務 金融,財務 金融
6,財經系,財經系(Nc),財經系,財經系
6,  企管,企管(Na),企管,    企管
6,企業管理系,企業(Na) 管理(Nc),企業 管理,企業 管理系
6,  工業管理,工業(Na) 管理(VC),工業 管理,    工業 管理
6,  財政,財政(Na),財政,    財政
6,企業經營管理系,企業(Na) 經營(Nv) 管理(Nc),企業 經營 管理,企業 經營 管理系
6,行銷流通管理系,行銷(Na) 流通(VA) 管理(Nc),行銷 流通 管理,行銷 流通 管理系
6,會計系,會計系(Nc),會計系,會計系
6,會計學系,會計(Na) 學系(Na),會計 學系,會計 學系
6,  企業管理,企業(Na) 管理(Na),企業 管理,    企業 管理
6,行銷與流通管理系,行銷(Na) 流通(Nv) 管理(Nc),行銷 流通 管理,行銷 與 流通 管理系
6,  工業管理,工業(Na) 管理(VC),工業 管理,    工業 管理
6,  資訊管理,資訊(Na) 管理(VC),資訊 管理,    資訊 管理
6,  會計,會計(Na),會計,    會計
6,財務金融系,財務(Na) 金融系(Nc),財務 金融系,財務 金融系
6,  財經,財經(Na),財經,    財經
6,  財經雙法律,財經(Na) 法律(Na),財經 法律,    財經雙 法律
6,  會計,會計(Na),會計,    會計
6,  會計,會計(Na),會計,    會計
6,企管系,企管系(Nc),企管系,企管系
6,  財務金融,財務(Na) 金融(Na),財務 金融,    財務 金融
6,  工業管理,工業(Na) 管理(VC),工業 管理,    工業 管理
6,國際企業學系,國際(Nc) 企業(Na) 學系(Na),國際 企業 學系,國際 企業 學系
6,商學系,商學系(Nc),商學系,商學系
6,企業管理系,企業(Na) 管理(Nc),企業 管理,企業 管理系
6,  銀行保險,銀行(Nc) 保險(Na),銀行 保險,    銀行 保險
6,企業管理學系,企業(Na) 管理(Na) 學系(Na),企業 管理 學系,企業 管理 學系
6,  企管,企管(Na),企管,    企管
6,行銷與流通管理系,行銷(Na) 流通(Nv) 管理(Nc),行銷 流通 管理,行銷 與 流通 管理系
6,財務金融系,財務(Na) 金融系(Nc),財務 金融系,財務 金融系
6,企業管理系,企業(Na) 管理(Nc),企業 管理,企業 管理系
6,工業工程與管理,工業(Na) 工程(Na) 管理(Na),工業 工程 管理,工業 工程 與 管理
6,  營建管理,營建(VC) 管理(VC),營建 管理,    營建 管理
6,國際企業學系,國際(Nc) 企業(Na) 學系(Na),國際 企業 學系,國際 企業 學系
6,行銷與流通管理,行銷(Na) 流通(Nv) 管理(Na),行銷 流通 管理,行銷 與 流通 管理
6,  企業管理,企業(Na) 管理(Na),企業 管理,    企業 管理
6,企業管理系 ,企業(Na) 管理系(Na),企業 管理系,企業 管理系  
6,會計系,會計系(Nc),會計系,會計系
6,國際貿易科,國際(Nc) 貿易(Na),國際 貿易,國際 貿易科
6,  企管,企管(Na),企管,    企管
6,國險貿易學系,國險(Na) 貿易(Na) 學系(Na),國險 貿易 學系,國險 貿易 學系
6,財務金融學系,財務(Na) 金融(Na) 學系(Na),財務 金融 學系,財務 金融 學系
6,企管,企管(Na),企管,企管
6,  國際貿易,國際(Nc) 貿易(Na),國際 貿易,    國際 貿易
6,  會計資訊,會計(Na) 資訊(Na),會計 資訊,    會計 資訊
6,  財經,財經(Na),財經,    財經
6,國貿系,國貿系(Nc),國貿系,國貿系
6,財務金融系,財務(Na) 金融系(Nc),財務 金融系,財務 金融系
6,國際企業系,國際(Nc) 企業(Nc),國際 企業,國際 企業系
6,企業管理,企業(Na) 管理(Na),企業 管理,企業 管理
6,財務金融學系,財務(Na) 金融(Na) 學系(Na),財務 金融 學系,財務 金融 學系
6,  國貿,國貿(Na),國貿,    國貿
6,財務金融學系,財務(Na) 金融(Na) 學系(Na),財務 金融 學系,財務 金融 學系
6,  醫務管理,醫務(Na) 管理(VC),醫務 管理,    醫務 管理
6,  資訊管理,資訊(Na) 管理(VC),資訊 管理,    資訊 管理
6,  企業管理,企業(Na) 管理(Na),企業 管理,    企業 管理
6,財政稅務系,財政(Na) 稅務系(Nc),財政 稅務系,財政稅務系
6,  工程管理,工程(Na) 管理(VC),工程 管理,    工程 管理
6,工業管理,工業(Na) 管理(Na),工業 管理,工業 管理
6,企業管理,企業(Na) 管理(Na),企業 管理,企業 管理
6,  企業管理,企業(Na) 管理(Na),企業 管理,    企業 管理
6,  資管,資管(Na),資管,    資管
6,  企管,企管(Na),企管,    企管
6,  統計,統計(Na),統計,    統計
6,國際貿易學系,國際(Nc) 貿易(Na) 學系(Na),國際 貿易 學系,國際 貿易 學系
6,財務金融系,財務(Na) 金融系(Nc),財務 金融系,財務 金融系
6,企業管理系,企業(Na) 管理(Nc),企業 管理,企業 管理系
6,國際貿易英專班,國際(Nc) 貿易(Na) 專班(Nc),國際 貿易 專班,國際 貿易英 專班
6,  財務金融,財務(Na) 金融(Na),財務 金融,    財務 金融
6,  國際貿易,國際(Nc) 貿易(Na),國際 貿易,    國際 貿易
6,  國際貿易,國際(Nc) 貿易(Na),國際 貿易,    國際 貿易
6,  企業管理,企業(Na) 管理(Na),企業 管理,    企業 管理
6,  財務金融,財務(Na) 金融(Na),財務 金融,    財務 金融
6,企業管理系,企業(Na) 管理(Nc),企業 管理,企業 管理系
6,企業管理系,企業(Na) 管理(Nc),企業 管理,企業 管理系
6,財務金融系,財務(Na) 金融系(Nc),財務 金融系,財務 金融系
6,電子商務管理系,電子(Na) 商務(Na) 管理(Na),電子 商務 管理,電子 商務 管理系
6,企業管理,企業(Na) 管理(Na),企業 管理,企業 管理
6,企業管理科,企業(Na) 管理(Na),企業 管理,企業 管理科
6,  國際貿易,國際(Nc) 貿易(Na),國際 貿易,    國際 貿易
6,  資訊管理,資訊(Na) 管理(VC),資訊 管理,    資訊 管理
6,財經系 ,財經系(Nc),財經系,財經系  
6,國貿系,國貿系(Nc),國貿系,國貿系
6,醫療資訊與管理學系,醫療(VC) 資訊(Na) 管理(VC) 學系(Na),醫療 資訊 管理 學系,醫療 資訊 與 管理 學系
6,工業管理系,工業(Na) 管理(Nc),工業 管理,工業 管理系
6,  金融,金融(Na),金融,    金融
6,  企業管理,企業(Na) 管理(Na),企業 管理,    企業 管理
6,保險金融,保險(Na) 金融(Na),保險 金融,保險 金融
6,企業管理,企業(Na) 管理(Na),企業 管理,企業 管理
6,  會計,會計(Na),會計,    會計
6,企業管理系,企業(Na) 管理(Nc),企業 管理,企業 管理系
6,不動產與城鄉環境,不動產(Na) 城鄉(Na) 環境(Na),不動產 城鄉 環境,不動產 與 城鄉 環境
6,  會計,會計(Na),會計,    會計
6,不動產經營學系,不動產(Na) 經營(VC) 學系(Na),不動產 經營 學系,不動產經 營學系
6,  國際貿易,國際(Nc) 貿易(Na),國際 貿易,    國際 貿易
6,  國際貿易,國際(Nc) 貿易(Na),國際 貿易,    國際 貿易
6,商業經營,商業(Na) 經營(VC),商業 經營,商業 經營
6,健康事業管理系,健康(VH) 事業(Na) 管理(Na),健康 事業 管理,健康 事業 管理系
6,  資訊管理,資訊(Na) 管理(VC),資訊 管理,    資訊 管理
6,會計系,會計系(Nc),會計系,會計系
6,  會計,會計(Na),會計,    會計
6,  工商管理,工商(Na) 管理(VC),工商 管理,    工商管理
6,  國貿,國貿(Na),國貿,    國貿
6,  會計,會計(Na),會計,    會計
6,工業與管理,工業(Na) 管理(Na),工業 管理,工業 與 管理
6,財經系,財經系(Nc),財經系,財經系
6,  資訊管理,資訊(Na) 管理(VC),資訊 管理,    資訊 管理
6,  財金,財金(Na),財金,    財金
6,財務金融系,財務(Na) 金融系(Nc),財務 金融系,財務 金融系
6,  企業管理,企業(Na) 管理(Na),企業 管理,    企業 管理
6,健康產業資訊,健康(VH) 產業(Na) 資訊(Na),健康 產業 資訊,健康 產業 資訊
6,  工業工程管理,工業(Na) 工程(Na) 管理(VC),工業 工程 管理,    工業 工程 管理
6,  會計,會計(Na),會計,    會計
6,財政稅務系,財政(Na) 稅務系(Nc),財政 稅務系,財政稅務系
6,企業管理,企業(Na) 管理(Na),企業 管理,企業 管理
6,財經科系,財經(Na) 科系(Na),財經 科系,財經 科系
6,  商業管理,商業(Na) 管理(Na),商業 管理,    商業 管理
6,  企業管理,企業(Na) 管理(Na),企業 管理,    企業 管理
6,財務金融系,財務(Na) 金融系(Nc),財務 金融系,財務 金融系
6,財務金融系,財務(Na) 金融系(Nc),財務 金融系,財務 金融系
6,國際貿易學系,國際(Nc) 貿易(Na) 學系(Na),國際 貿易 學系,國際 貿易 學系
6,  資管系,資管系(Nc),資管系,    資管系
6,  商業管理,商業(Na) 管理(Na),商業 管理,    商業 管理
6,行銷與物流管理科,行銷(Na) 物流(Na) 管理(Na),行銷 物流 管理,行銷 與 物流 管理科
6,會計系,會計系(Nc),會計系,會計系
6,  國際貿易,國際(Nc) 貿易(Na),國際 貿易,    國際 貿易
6,  企管,企管(Na),企管,    企管
6,國際貿易系,國際(Nc) 貿易(Nc),國際 貿易,國際 貿易系
6,  銀行保險,銀行(Nc) 保險(Na),銀行 保險,    銀行 保險
6,文化事業發展學系,文化(Na) 事業(Na) 發展(VC) 學系(Na),文化 事業 發展 學系,文化 事業 發展 學系
6,會計資訊系,會計(Na) 資訊系(Nc),會計 資訊系,會計 資訊系
6,行銷管理,行銷(Na) 管理(VC),行銷 管理,行銷 管理
6,會計,會計(Na),會計,會計
6,傳播管理學系,傳播(Na) 管理(Na) 學系(Na),傳播 管理 學系,傳播 管理 學系
6,工業管理學系,工業(Na) 管理(VC) 學系(Na),工業 管理 學系,工業 管理 學系
6,  企管,企管(Na),企管,    企管
6,財政系,財政系(Nc),財政系,財政系
6,  國際貿易,國際(Nc) 貿易(Na),國際 貿易,    國際 貿易
6,  資訊管理,資訊(Na) 管理(VC),資訊 管理,    資訊 管理
6,企業管理系,企業(Na) 管理(Nc),企業 管理,企業 管理系
6,經營管理學系,經營(VC) 管理(VC) 學系(Na),經營 管理 學系,經營 管理 學系
6,  企管,企管(Na),企管,    企管
6,企業管理學系,企業(Na) 管理(Na) 學系(Na),企業 管理 學系,企業 管理 學系
6,  物流管理,物流(Na) 管理(VC),物流 管理,    物流 管理
6,  企業管理,企業(Na) 管理(Na),企業 管理,    企業 管理
6,財務金融系,財務(Na) 金融系(Nc),財務 金融系,財務 金融系
6,電子商務管理,電子(Na) 商務(Na) 管理(VC),電子 商務 管理,電子 商務 管理
6,企業管理系,企業(Na) 管理(Nc),企業 管理,企業 管理系
6,財務金融,財務(Na) 金融(Na),財務 金融,財務 金融
6,企管系,企管系(Nc),企管系,企管系
6,  企管,企管(Na),企管,    企管
6,  企管,企管(Na),企管,    企管
6,  行銷管理,行銷(Na) 管理(VC),行銷 管理,    行銷 管理
6,  商業,商業(Na),商業,    商業
6,工業管理系,工業(Na) 管理(Nc),工業 管理,工業 管理系
6,財政稅務,財政(Na) 稅務(Na),財政 稅務,財政稅務
6,企業管理 ,企業(Na) 管理(Na),企業 管理,企業 管理  
6,  傳播管理,傳播(VC) 管理(VC),傳播 管理,    傳播 管理
6,財務金融系,財務(Na) 金融系(Nc),財務 金融系,財務 金融系
6,  工業管理,工業(Na) 管理(VC),工業 管理,    工業 管理
6,財務金融系,財務(Na) 金融系(Nc),財務 金融系,財務 金融系
6,  財務金融,財務(Na) 金融(Na),財務 金融,    財務 金融
6,國際貿易,國際(Nc) 貿易(Na),國際 貿易,國際 貿易
6,企業管理系,企業(Na) 管理(Nc),企業 管理,企業 管理系
6,企管,企管(Na),企管,企管
6,  資訊管理,資訊(Na) 管理(VC),資訊 管理,    資訊 管理
6,會計資訊系,會計(Na) 資訊系(Nc),會計 資訊系,會計 資訊系
6,  國際企業,國際(Nc) 企業(Na),國際 企業,    國際 企業
6,  國貿,國貿(Na),國貿,    國貿
6,  資訊管理,資訊(Na) 管理(VC),資訊 管理,    資訊 管理
6,  資訊管理,資訊(Na) 管理(VC),資訊 管理,    資訊 管理
6,不動產與城鄉環境,不動產(Na) 城鄉(Na) 環境(Na),不動產 城鄉 環境,不動產 與 城鄉 環境
6,企業管理系,企業(Na) 管理(Nc),企業 管理,企業 管理系
6,  國貿,國貿(Na),國貿,    國貿
6,管理科學系,管理(Na) 科學(Na),管理 科學,管理科 學系
6,  國貿,國貿(Na),國貿,    國貿
6,國際企業管理,國際(Nc) 企業(Na) 管理(Na),國際 企業 管理,國際 企業 管理
6,資訊管理,資訊(Na) 管理(Na),資訊 管理,資訊 管理
6,  企業管理,企業(Na) 管理(Na),企業 管理,    企業 管理
6,企業管理學,企業(Na) 管理(Na),企業 管理,企業 管理 學
6,國技貿易科系,國技(Na) 貿易(Na) 科系(Na),國技 貿易 科系,國技貿易 科系
6,  企管,企管(Na),企管,    企管
6,  資訊管理,資訊(Na) 管理(VC),資訊 管理,    資訊 管理
6,  資管系,資管系(Nc),資管系,    資管系
6,  國際企業,國際(Nc) 企業(Na),國際 企業,    國際 企業
6,企管,企管(Na),企管,企管
6,管理80學分班,管理(VC) 80(Neu) 學分(Nc),管理 80 學分,管理 80 學 分班
6,企業管理,企業(Na) 管理(Na),企業 管理,企業 管理
6,  銀行保險,銀行(Nc) 保險(Na),銀行 保險,    銀行 保險
6,電子商務科技管理,電子(Na) 商務(Na) 科技(Na) 管理(Na),電子 商務 科技 管理,電子 商務 科技 管理
6,  財務金融,財務(Na) 金融(Na),財務 金融,    財務 金融
6,  人力資源發展,人力(Na) 資源(Na) 發展(VC),人力 資源 發展,    人力 資源 發展
6,  國貿,國貿(Na),國貿,    國貿
6,  金融與保險管理,金融(Na) 保險(Na) 管理(VC),金融 保險 管理,    金融 與 保險 管理
6,企管系,企管系(Nc),企管系,企管系
6,流通與行銷管理學系,流通(VA) 行銷(Na) 管理(VC) 學系(Na),流通 行銷 管理 學系,流通 與 行銷 管理 學系
6,行銷流通管理,行銷(Na) 流通(VA) 管理(Na),行銷 流通 管理,行銷 流通 管理
6,  財務金融,財務(Na) 金融(Na),財務 金融,    財務 金融
6,  財經,財經(Na),財經,    財經
6,會計系,會計系(Nc),會計系,會計系
6,  財稅金融,財稅(Na) 金融(Na),財稅 金融,    財稅 金融
6,  企業管理,企業(Na) 管理(Na),企業 管理,    企業 管理
6,  商業設計,商業(Na) 設計(Na),商業 設計,    商業 設計
6,  財務金融,財務(Na) 金融(Na),財務 金融,    財務 金融
6,  資訊管理,資訊(Na) 管理(VC),資訊 管理,    資訊 管理
6,資訊管理學系,資訊(Na) 管理(VC) 學系(Na),資訊 管理 學系,資訊 管理 學系
6,文化事業發展學系,文化(Na) 事業(Na) 發展(VC) 學系(Na),文化 事業 發展 學系,文化 事業 發展 學系
6,財務金融系,財務(Na) 金融系(Nc),財務 金融系,財務 金融系
6,  會計,會計(Na),會計,    會計
6,行銷與流通管理系,行銷(Na) 流通(Nv) 管理(Nc),行銷 流通 管理,行銷 與 流通 管理系
6,財務經融,財務(Na) 經融(Na),財務 經融,財務 經融
6,  資源管理,資源(Na) 管理(VC),資源 管理,    資源 管理
6,會計學系,會計(Na) 學系(Na),會計 學系,會計 學系
6,  企管,企管(Na),企管,    企管
6,  國際貿易,國際(Nc) 貿易(Na),國際 貿易,    國際 貿易
6,  商業行銷,商業(Na) 行銷(Na),商業 行銷,    商業 行銷
6,  會計,會計(Na),會計,    會計
6,國際企業,國際(Nc) 企業(Na),國際 企業,國際 企業
6,財務金融系,財務(Na) 金融系(Nc),財務 金融系,財務 金融系
6,財務金融學系,財務(Na) 金融(Na) 學系(Na),財務 金融 學系,財務 金融 學系
6,資訊管理學系,資訊(Na) 管理(VC) 學系(Na),資訊 管理 學系,資訊 管理 學系
6,國際貿易,國際(Nc) 貿易(Na),國際 貿易,國際 貿易
6,醫務管理系,醫務(Na) 管理(VC),醫務 管理,醫務 管理系
6,  財務金融,財務(Na) 金融(Na),財務 金融,    財務 金融
6,國際貿易科 ,國際(Nc) 貿易(Na),國際 貿易,國際 貿易科  
6,  國貿,國貿(Na),國貿,    國貿
6,  財務金融,財務(Na) 金融(Na),財務 金融,    財務 金融
6,行銷流通管理學系,行銷(Na) 流通(VA) 管理(VC) 學系(Na),行銷 流通 管理 學系,行銷 流通 管理 學系
6,會計系,會計系(Nc),會計系,會計系
6,  國貿,國貿(Na),國貿,    國貿
6,  財政,財政(Na),財政,    財政
6,會計系,會計系(Nc),會計系,會計系
6,企業管理,企業(Na) 管理(Na),企業 管理,企業 管理
6,  企管,企管(Na),企管,    企管
6,風險管理與保險,風險(Na) 管理(VC) 保險(Na),風險 管理 保險,風險 管理 與 保險
6,  會計統計,會計(Na) 統計(Na),會計 統計,    會計 統計
6,  企業管理,企業(Na) 管理(Na),企業 管理,    企業 管理
6,  資管,資管(Na),資管,    資管
6,國貿系,國貿系(Nc),國貿系,國貿系
6,企業管理,企業(Na) 管理(Na),企業 管理,企業 管理
6,  企管,企管(Na),企管,    企管
6,資訊管理,資訊(Na) 管理(Na),資訊 管理,資訊 管理
6,行銷管理科,行銷(Na) 管理(Na),行銷 管理,行銷 管理科
6,企業管理學系,企業(Na) 管理(Na) 學系(Na),企業 管理 學系,企業 管理 學系
6,  財政金融,財政(Na) 金融(Na),財政 金融,    財政 金融
6,會計學系,會計(Na) 學系(Na),會計 學系,會計 學系
6,風險管理與保險學,風險(Na) 管理(VC) 保險學(Na),風險 管理 保險學,風險 管理 與 保險學
6,  國貿,國貿(Na),國貿,    國貿
6,  企業管理,企業(Na) 管理(Na),企業 管理,    企業 管理
6,企業管理系 ,企業(Na) 管理系(Na),企業 管理系,企業 管理系  
6,企業管理學系,企業(Na) 管理(Na) 學系(Na),企業 管理 學系,企業 管理 學系
6,行銷與流通管理學系,行銷(Na) 流通(Nv) 管理(Na) 學系(Na),行銷 流通 管理 學系,行銷 與 流通 管理 學系
6,  國貿,國貿(Na),國貿,    國貿
6,  資訊管理,資訊(Na) 管理(VC),資訊 管理,    資訊 管理
6,  企管,企管(Na),企管,    企管
6,經營管理學系,經營(VC) 管理(VC) 學系(Na),經營 管理 學系,經營 管理 學系
6,企业管理系。,企业(Na) 管理(Na),企业 管理,企业 管理系 。
6,會計,會計(Na),會計,會計
6,企業管理,企業(Na) 管理(Na),企業 管理,企業 管理
6,財金系,財金系(Nc),財金系,財金系
6,  資訊管理,資訊(Na) 管理(VC),資訊 管理,    資訊 管理
6,文化事業發展系 ,文化(Na) 事業(Na) 發展(VC),文化 事業 發展,文化 事業 發展系  
6,  醫務管理,醫務(Na) 管理(VC),醫務 管理,    醫務 管理
6,  企業管理,企業(Na) 管理(Na),企業 管理,    企業 管理
6,  會計,會計(Na),會計,    會計
6,  保險,保險(Na),保險,    保險
6,企管系,企管系(Nc),企管系,企管系
6,  國際貿易,國際(Nc) 貿易(Na),國際 貿易,    國際 貿易
6,  企業管理,企業(Na) 管理(Na),企業 管理,    企業 管理
6,  財稅,財稅(Na),財稅,    財稅
6,會計系,會計系(Nc),會計系,會計系
6,  會計,會計(Na),會計,    會計
6,  銀行保險,銀行(Nc) 保險(Na),銀行 保險,    銀行 保險
6,  保險,保險(Na),保險,    保險
6,  企管,企管(Na),企管,    企管
6,企管系,企管系(Nc),企管系,企管系
6,  商業管理,商業(Na) 管理(Na),商業 管理,    商業 管理
6,  資訊管理,資訊(Na) 管理(VC),資訊 管理,    資訊 管理
6,  物流與航運管理,物流(Na) 航運(Na) 管理(VC),物流 航運 管理,    物流 與 航運 管理
6,  會計,會計(Na),會計,    會計
6,  銀保,銀保(Na),銀保,    銀保
6,企業管理科系,企業(Na) 管理(Na) 科系(Na),企業 管理 科系,企業 管理科 系
6,會計學系,會計(Na) 學系(Na),會計 學系,會計 學系
6,  企管,企管(Na),企管,    企管
6,  會計,會計(Na),會計,    會計
6,物流管理,物流(Na) 管理(VC),物流 管理,物流 管理
6,  資訊管理,資訊(Na) 管理(VC),資訊 管理,    資訊 管理
6,  商業經營,商業(Na) 經營(VC),商業 經營,    商業 經營
6,  財務金融,財務(Na) 金融(Na),財務 金融,    財務 金融
6,商學院，行銷管理,商學院(Nc) 行銷(Na) 管理(VC),商學院 行銷 管理,商學院 ， 行銷 管理
6,連鎖加盟經營管理學位學程,加盟(VC) 經營(VC) 管理(VC) 學位(Na) 學程(Na),加盟 經營 管理 學位 學程,連鎖 加盟 經營 管理 學位 學程
6,保險金融學系 ,保險(Na) 金融(Na) 學系(Na),保險 金融 學系,保險 金融 學系  
6,  企業管理,企業(Na) 管理(Na),企業 管理,    企業 管理
6,企業管理,企業(Na) 管理(Na),企業 管理,企業 管理
6,  會計,會計(Na),會計,    會計
6,醫務管理,醫務(Na) 管理(VC),醫務 管理,醫務 管理
6,行銷與流通管理系,行銷(Na) 流通(Nv) 管理(Nc),行銷 流通 管理,行銷 與 流通 管理系
6,  會計,會計(Na),會計,    會計
6,財務金融系,財務(Na) 金融系(Nc),財務 金融系,財務 金融系
6,  企管,企管(Na),企管,    企管
6,企業管理系,企業(Na) 管理(Nc),企業 管理,企業 管理系
6,行銷與流通管理系,行銷(Na) 流通(Nv) 管理(Nc),行銷 流通 管理,行銷 與 流通 管理系
6,工商管理學系,工商(Na) 管理(VC) 學系(Na),工商 管理 學系,工商管理 學系
6,會計系,會計系(Nc),會計系,會計系
6,  企業管理,企業(Na) 管理(Na),企業 管理,    企業 管理
6,國際貿易系,國際(Nc) 貿易(Nc),國際 貿易,國際 貿易系
6,財務金融 ,財務(Na) 金融(Na),財務 金融,財務 金融  
6,醫藥管理,醫藥(Na) 管理(VC),醫藥 管理,醫藥 管理
6,財務金融管理學系,財務(Na) 金融(Na) 管理(VC) 學系(Na),財務 金融 管理 學系,財務 金融管理 學系
6,工業管理學系 ,工業(Na) 管理(VC) 學系(Na),工業 管理 學系,工業 管理 學系  
6,  企管,企管(Na),企管,    企管
6,  財務金融,財務(Na) 金融(Na),財務 金融,    財務 金融
6,  工業管理,工業(Na) 管理(VC),工業 管理,    工業 管理
6,國際商務系,國際(Nc) 商務系(Nc),國際 商務系,國際 商務系
6,  企業管理,企業(Na) 管理(Na),企業 管理,    企業 管理
6,  財稅,財稅(Na),財稅,    財稅
6,企業管理,企業(Na) 管理(Na),企業 管理,企業 管理
6,金融,金融(Na),金融,金融
6,  企管,企管(Na),企管,    企管
6,  會計,會計(Na),會計,    會計
6,國際商務系,國際(Nc) 商務系(Nc),國際 商務系,國際 商務系
6,財務金融,財務(Na) 金融(Na),財務 金融,財務 金融
6,  財務金融,財務(Na) 金融(Na),財務 金融,    財務 金融
6,企業管理系,企業(Na) 管理(Nc),企業 管理,企業 管理系
6,  國際貿易,國際(Nc) 貿易(Na),國際 貿易,    國際 貿易
6,  遺漏值,遺漏值(Na),遺漏值,    遺漏 值
6,  國貿,國貿(Na),國貿,    國貿
6,  企業管理,企業(Na) 管理(Na),企業 管理,    企業 管理
6,企業管理,企業(Na) 管理(Na),企業 管理,企業 管理
6,企業管理學系,企業(Na) 管理(Na) 學系(Na),企業 管理 學系,企業 管理 學系
6,企業管理學系,企業(Na) 管理(Na) 學系(Na),企業 管理 學系,企業 管理 學系
6,  資訊管理,資訊(Na) 管理(VC),資訊 管理,    資訊 管理
6,  國際企業管理,國際(Nc) 企業(Na) 管理(VC),國際 企業 管理,    國際 企業 管理
6,企業管理學 ,企業(Na) 管理(Na),企業 管理,企業 管理 學  
6,  會計,會計(Na),會計,    會計
6,財務金融,財務(Na) 金融(Na),財務 金融,財務 金融
6,  交通管理,交通(Na) 管理(VC),交通 管理,    交通管理
6,  企業管理,企業(Na) 管理(Na),企業 管理,    企業 管理
6,  會計,會計(Na),會計,    會計
6,工商管理,工商(Na) 管理(VC),工商 管理,工商管理
6,  資訊管理,資訊(Na) 管理(VC),資訊 管理,    資訊 管理
6,  金融,金融(Na),金融,    金融
6,  企管,企管(Na),企管,    企管
6,國企系,國企系(Nc),國企系,國企系
6,  企業管理,企業(Na) 管理(Na),企業 管理,    企業 管理
6,保險金融系,保險(Na) 金融系(Nc),保險 金融系,保險 金融系
6,會計學系,會計(Na) 學系(Na),會計 學系,會計 學系
6,企業管理,企業(Na) 管理(Na),企業 管理,企業 管理
6,會計系,會計系(Nc),會計系,會計系
6,企管,企管(Na),企管,企管
6,會計糸,會計糸(Na),會計糸,會計 糸
6,  財務金融,財務(Na) 金融(Na),財務 金融,    財務 金融
6,  會計,會計(Na),會計,    會計
6,  國際貿易,國際(Nc) 貿易(Na),國際 貿易,    國際 貿易
6,企業管理學系 ,企業(Na) 管理(Na) 學系(Na),企業 管理 學系,企業 管理 學系  
6,企業管理學系,企業(Na) 管理(Na) 學系(Na),企業 管理 學系,企業 管理 學系
6,  企管,企管(Na),企管,    企管
6,國際貿易,國際(Nc) 貿易(Na),國際 貿易,國際 貿易
6,財務金融系,財務(Na) 金融系(Nc),財務 金融系,財務 金融系
6,  事業經營,事業(Na) 經營(VC),事業 經營,    事業 經營
6,國際貿易科,國際(Nc) 貿易(Na),國際 貿易,國際 貿易科
6,  財經,財經(Na),財經,    財經
6,財務金融 ,財務(Na) 金融(Na),財務 金融,財務 金融  
6,  資訊管理,資訊(Na) 管理(VC),資訊 管理,    資訊 管理
6,  醫務管理,醫務(Na) 管理(VC),醫務 管理,    醫務 管理
6,  工業管理,工業(Na) 管理(VC),工業 管理,    工業 管理
6,國際貿易,國際(Nc) 貿易(Na),國際 貿易,國際 貿易
6,  國貿,國貿(Na),國貿,    國貿
6,國際貿易學,國際(Nc) 貿易(Na),國際 貿易,國際 貿易學
6,會計資訊學系,會計(Na) 資訊(Na) 學系(Na),會計 資訊 學系,會計 資訊學系
6,  國貿,國貿(Na),國貿,    國貿
7,法律系,法律系(Nc),法律系,法律系
7,  法律,法律(Na),法律,    法律
7,  財經法律,財經(Na) 法律(Na),財經 法律,    財經 法律
7,法律系,法律系(Nc),法律系,法律系
7,法律系,法律系(Nc),法律系,法律系
8,生命科學系,生命(Na) 科學(Na),生命 科學,生命 科學系
8,  化學材料,化學(Na) 材料(Na),化學 材料,    化學 材料
8,物理,物理(Na),物理,物理
8,生物科技系,生物(Na) 科技(Na),生物 科技,生物科技 系
8,  生物科技,生物(Na) 科技(Na),生物 科技,    生物科技
8,化學系,化學系(Nc),化學系,化學系
8,應用化學系,應用(Na) 化學系(Nc),應用 化學系,應用 化學系
8,生物科技系,生物(Na) 科技(Na),生物 科技,生物科技 系
8,材料科學與工程學系,材料(Na) 科學(Na) 工程(Na) 學系(Na),材料 科學 工程 學系,材料科 學與 工程 學系
8,物理系,物理系(Nc),物理系,物理系
8,物理,物理(Na),物理,物理
8,  化學,化學(Na),化學,    化學
8,生命科學系,生命(Na) 科學(Na),生命 科學,生命 科學系
8,生命科學系,生命(Na) 科學(Na),生命 科學,生命 科學系
8,水生生物科學系,生物(Na) 科學(Na),生物 科學,水生 生物 科學系
8,地質科學,地質(Na) 科學(Na),地質 科學,地質 科學
8,  土木,土木(Na),土木,    土木
8,  物理,物理(Na),物理,    物理
8,化學系,化學系(Nc),化學系,化學系
8,  地球科學,地球(Na) 科學(Na),地球 科學,    地球 科學
8,應用數學系,應用(Na) 數學系(Nc),應用 數學系,應用 數學系
8,地球科學系,地球(Na) 科學(Na),地球 科學,地球 科學系
8,  化學,化學(Na),化學,    化學
8,生命科學系,生命(Na) 科學(Na),生命 科學,生命 科學系
8,應用數學系,應用(Na) 數學系(Nc),應用 數學系,應用 數學系
8,應用數學系,應用(Na) 數學系(Nc),應用 數學系,應用 數學系
8,  物理,物理(Na),物理,    物理
8,生命科學系,生命(Na) 科學(Na),生命 科學,生命 科學系
8,  一般科學 自然科學,科學(Na) 自然(Na) 科學(Na),科學 自然 科學,    一般 科學   自然科 學
8,化學系,化學系(Nc),化學系,化學系
8,  生物資源技術,生物(Na) 資源(Na) 技術(Na),生物 資源 技術,    生物 資源 技術
8,  生活應用科學,生活(Na) 應用(Na) 科學(Na),生活 應用 科學,    生活 應用 科學
8,  物理,物理(Na),物理,    物理
8,  化學,化學(Na),化學,    化學
8,  化學工程,化學(Na) 工程(Na),化學 工程,    化學 工程
8,生命科學 ,生命(Na) 科學(Na),生命 科學,生命 科學  
8,  化學,化學(Na),化學,    化學
8,化學系,化學系(Nc),化學系,化學系
8,化學系,化學系(Nc),化學系,化學系
8,生物科技系,生物(Na) 科技(Na),生物 科技,生物科技 系
8,微生物多免疫學系 ,微生物(Na) 免疫(VH) 學系(Na),微生物 免疫 學系,微生物 多 免疫 學系  
8,生物科技學系,生物(Na) 科技(Na) 學系(Na),生物 科技 學系,生物科技 學系
8,應用化學系,應用(Na) 化學系(Nc),應用 化學系,應用 化學系
8,生命科學系,生命(Na) 科學(Na),生命 科學,生命 科學系
8,  物理,物理(Na),物理,    物理
8,數學系,數學系(Nc),數學系,數學系
8,生物資源系,生物(Na) 資源系(Na),生物 資源系,生物 資源系
8,生命科學系,生命(Na) 科學(Na),生命 科學,生命 科學系
8,化學系有機組,化學系(Nc) 有機組(Nc),化學系 有機組,化學系 有 機組
9,  資訊管理,資訊(Na) 管理(VC),資訊 管理,    資訊 管理
9,資訊管理,資訊(Na) 管理(Na),資訊 管理,資訊 管理
9,資訊管理學系,資訊(Na) 管理(VC) 學系(Na),資訊 管理 學系,資訊 管理 學系
9,資訊管理系,資訊(Na) 管理(Nc),資訊 管理,資訊 管理系
9,資訊管理,資訊(Na) 管理(Na),資訊 管理,資訊 管理
9,資管系,資管系(Nc),資管系,資管系
9,資訊管理,資訊(Na) 管理(Na),資訊 管理,資訊 管理
9,資訊管理,資訊(Na) 管理(Na),資訊 管理,資訊 管理
9,  資管系,資管系(Nc),資管系,    資管系
9,資管系數位多媒體,資管系(Nc) 多媒體(Na),資管系 多媒體,資管系 數位 多 媒體
9,  數學及電算機科學類,數學(Na) 電算機(Na) 科學(Na),數學 電算機 科學,    數學及 電算機 科學類
9,資訊管理,資訊(Na) 管理(Na),資訊 管理,資訊 管理
9,資訊管理,資訊(Na) 管理(Na),資訊 管理,資訊 管理
9,資訊管理系,資訊(Na) 管理(Nc),資訊 管理,資訊 管理系
9,  資訊管理,資訊(Na) 管理(VC),資訊 管理,    資訊 管理
9,  計算機工程,計算機(Na) 工程(Na),計算機 工程,    計算機 工程
9,  應用數學,應用(Na) 數學(Na),應用 數學,    應用 數學
9,資訊管理系,資訊(Na) 管理(Nc),資訊 管理,資訊 管理系
9,資訊管理,資訊(Na) 管理(Na),資訊 管理,資訊 管理
9,  資訊管理,資訊(Na) 管理(VC),資訊 管理,    資訊 管理
9,資訊管理系,資訊(Na) 管理(Nc),資訊 管理,資訊 管理系
9,資訊管理科,資訊(Na) 管理(Na),資訊 管理,資訊 管理科
9,多媒體與遊戲發展科學系,多媒體(Na) 遊戲(Na) 發展(VC) 科學系(Na),多媒體 遊戲 發展 科學系,多媒體 與 遊戲 發展 科學系
9,資訊管理系,資訊(Na) 管理(Nc),資訊 管理,資訊 管理系
9,  應用數學,應用(Na) 數學(Na),應用 數學,    應用 數學
9,資訊科技系,資訊(Na) 科技系(Na),資訊 科技系,資訊 科技 系
9,資訊管理系,資訊(Na) 管理(Nc),資訊 管理,資訊 管理系
9,資訊管理系 ,資訊(Na) 管理(Nc),資訊 管理,資訊 管理系  
9,資訊管理系,資訊(Na) 管理(Nc),資訊 管理,資訊 管理系
9,資訊管理 ,資訊(Na) 管理(Na),資訊 管理,資訊 管理  
9,  資管,資管(Na),資管,    資管
9,資訊管理,資訊(Na) 管理(Na),資訊 管理,資訊 管理
9,資訊管理,資訊(Na) 管理(Na),資訊 管理,資訊 管理
9,電機資訊學院學士班,電機(Na) 資訊(Na) 學院(Nc) 學士班(Nc),電機 資訊 學院 學士班,電機 資訊學院 學士班
9,資訊管理,資訊(Na) 管理(Na),資訊 管理,資訊 管理
9,資訊管理系,資訊(Na) 管理(Nc),資訊 管理,資訊 管理系
9,資訊管理系,資訊(Na) 管理(Nc),資訊 管理,資訊 管理系
9,資訊管理系,資訊(Na) 管理(Nc),資訊 管理,資訊 管理系
9,資訊管理,資訊(Na) 管理(Na),資訊 管理,資訊 管理
9,  應用數學,應用(Na) 數學(Na),應用 數學,    應用 數學
9,資訊管理,資訊(Na) 管理(Na),資訊 管理,資訊 管理
9,  電腦與通訊,電腦(Na) 通訊(Na),電腦 通訊,    電腦 與 通訊
9,資訊管理系,資訊(Na) 管理(Nc),資訊 管理,資訊 管理系
9,資訊網路技術系 ,資訊(Na) 網路(Na) 技術系(Na),資訊 網路 技術系,資訊 網路 技術系  
9,資訊管理 ,資訊(Na) 管理(Na),資訊 管理,資訊 管理  
9,資訊管理學系,資訊(Na) 管理(VC) 學系(Na),資訊 管理 學系,資訊 管理 學系
9,資訊科技,資訊(Na) 科技(Na),資訊 科技,資訊 科技
9,資管系,資管系(Nc),資管系,資管系
9,  資訊管理,資訊(Na) 管理(VC),資訊 管理,    資訊 管理
9,資訊科技系,資訊(Na) 科技系(Na),資訊 科技系,資訊 科技 系
9,資訊管理 ,資訊(Na) 管理(Na),資訊 管理,資訊 管理  
9,資訊管理系,資訊(Na) 管理(Nc),資訊 管理,資訊 管理系
9,資訊管理學系,資訊(Na) 管理(VC) 學系(Na),資訊 管理 學系,資訊 管理 學系
9,資訊管理系,資訊(Na) 管理(Nc),資訊 管理,資訊 管理系
9,資訊管理系,資訊(Na) 管理(Nc),資訊 管理,資訊 管理系
9,  資訊管理,資訊(Na) 管理(VC),資訊 管理,    資訊 管理
9,  資訊管理,資訊(Na) 管理(VC),資訊 管理,    資訊 管理
9,資訊管理科,資訊(Na) 管理(Na),資訊 管理,資訊 管理科
9,資訊管理科,資訊(Na) 管理(Na),資訊 管理,資訊 管理科
9,資料處理科,資料(Na) 處理(VC),資料 處理,資料 處 理科
9,資訊管理系,資訊(Na) 管理(Nc),資訊 管理,資訊 管理系
9,資訊管理,資訊(Na) 管理(Na),資訊 管理,資訊 管理
9,  資訊管理,資訊(Na) 管理(VC),資訊 管理,    資訊 管理
9,資訊科技系,資訊(Na) 科技系(Na),資訊 科技系,資訊 科技 系
9,資訊管理學系 ,資訊(Na) 管理(VC) 學系(Na),資訊 管理 學系,資訊 管理 學系  
9,  資管,資管(Na),資管,    資管
9,  應用數學,應用(Na) 數學(Na),應用 數學,    應用 數學
9,  資管,資管(Na),資管,    資管
9,資訊科技與管理學系,資訊(Na) 科技(Na) 管理(Na) 學系(Na),資訊 科技 管理 學系,資訊 科技 與 管理 學系
9,資訊管理系,資訊(Na) 管理(Nc),資訊 管理,資訊 管理系
9,  數學系,數學系(Nc),數學系,    數學系
9,電腦與通訊系,電腦(Na) 通訊系(Na),電腦 通訊系,電腦 與 通訊系
9,數媒,數媒(Neu),數媒,數媒
9,  資訊管理,資訊(Na) 管理(VC),資訊 管理,    資訊 管理
9,資訊管理,資訊(Na) 管理(Na),資訊 管理,資訊 管理
9,  資訊管理,資訊(Na) 管理(VC),資訊 管理,    資訊 管理
9,資訊管理,資訊(Na) 管理(Na),資訊 管理,資訊 管理
9,資訊管理 ,資訊(Na) 管理(Na),資訊 管理,資訊 管理  
9,資訊管理系,資訊(Na) 管理(Nc),資訊 管理,資訊 管理系
9,  資訊管理,資訊(Na) 管理(VC),資訊 管理,    資訊 管理
9,  資訊管理,資訊(Na) 管理(VC),資訊 管理,    資訊 管理
9,  資訊管理,資訊(Na) 管理(VC),資訊 管理,    資訊 管理
9,電腦應用工程,電腦(Na) 應用(Na) 工程(Na),電腦 應用 工程,電腦 應用 工程
9,  資訊管理,資訊(Na) 管理(VC),資訊 管理,    資訊 管理
9,資訊管理系,資訊(Na) 管理(Nc),資訊 管理,資訊 管理系
9,資訊管理,資訊(Na) 管理(Na),資訊 管理,資訊 管理
9,資訊管理系,資訊(Na) 管理(Nc),資訊 管理,資訊 管理系
9,  資訊管理,資訊(Na) 管理(VC),資訊 管理,    資訊 管理
9,資訊管理系 ,資訊(Na) 管理(Nc),資訊 管理,資訊 管理系  
9,數學系,數學系(Nc),數學系,數學系
9,資訊管理學系,資訊(Na) 管理(VC) 學系(Na),資訊 管理 學系,資訊 管理 學系
9,  多媒體系,多媒體系(Nc),多媒體系,    多 媒體系
9,資訊管理系,資訊(Na) 管理(Nc),資訊 管理,資訊 管理系
9,資訊管理科,資訊(Na) 管理(Na),資訊 管理,資訊 管理科
9,資訊管理系,資訊(Na) 管理(Nc),資訊 管理,資訊 管理系
9,  應用數學,應用(Na) 數學(Na),應用 數學,    應用 數學
9,  資訊管理,資訊(Na) 管理(VC),資訊 管理,    資訊 管理
9,資訊管理系,資訊(Na) 管理(Nc),資訊 管理,資訊 管理系
9,  資管,資管(Na),資管,    資管
10,保健營養學系,保健(Na) 營養(Na) 學系(Na),保健 營養 學系,保健 營養 學系
10,  牙醫,牙醫(Na),牙醫,    牙醫
10,  護理,護理(Na),護理,    護理
10,藥學系,藥學系(Nc),藥學系,藥學系
10,食品營養系,食品(Na) 營養(Na),食品 營養,食品 營養系
10,牙體技術系,牙體(Na) 技術系(Na),牙體 技術系,牙體 技術系
10,營養學系 ,營養(Na) 學系(Na),營養 學系,營養 學系  
10,護理系,護理系(Nc),護理系,護理系
10,醫學院,醫學院(Nc),醫學院,醫學院
10,護理系,護理系(Nc),護理系,護理系
10,  食品營養,食品(Na) 營養(Na),食品 營養,    食品 營養
10,  護理,護理(Na),護理,    護理
10,  護理,護理(Na),護理,    護理
10,  醫務管理,醫務(Na) 管理(VC),醫務 管理,    醫務 管理
10,護理系 ,護理系(Nc),護理系,護理系  
10,醫學檢驗暨生物技術學系,醫學(Na) 檢驗(VC) 生物(Na) 技術(Na) 學系(Na),醫學 檢驗 生物 技術 學系,醫學 檢驗 暨 生物 技術 學系
10,呼吸治療學系,呼吸(VC) 治療(VC) 學系(Na),呼吸 治療 學系,呼吸 治療 學系
10,營養學系,營養(Na) 學系(Na),營養 學系,營養 學系
10,  護理,護理(Na),護理,    護理
10,生物醫學工程,生物醫學(Na) 工程(Na),生物醫學 工程,生物 醫學 工程
10,  藥學系,藥學系(Nc),藥學系,    藥學系
10,護理學系,護理(Na) 學系(Na),護理 學系,護理 學系
10,保健營養學系,保健(Na) 營養(Na) 學系(Na),保健 營養 學系,保健 營養 學系
10,醫學檢驗暨生物技術系,醫學(Na) 檢驗(VC) 生物(Na) 技術(Na),醫學 檢驗 生物 技術,醫學 檢驗 暨 生物 技術系
10,護理系,護理系(Nc),護理系,護理系
10,護理學系,護理(Na) 學系(Na),護理 學系,護理 學系
10,護理系,護理系(Nc),護理系,護理系
10,  護理,護理(Na),護理,    護理
10,護理科,護理科(Na),護理科,護 理科
10,護理科系,護理(Na) 科系(Na),護理 科系,護 理科 系
10,營養,營養(Na),營養,營養
10,護理,護理(Na),護理,護理
10,職能治療,職能(Na) 治療(VC),職能 治療,職能 治療
10,護理系,護理系(Nc),護理系,護理系
10,護理系,護理系(Nc),護理系,護理系
10,醫學系 ,醫學系(Nc),醫學系,醫學系  
10,食品營養及保健生技學系,食品(Na) 營養(Na) 保健(Na) 生技(Na) 學系(Na),食品 營養 保健 生技 學系,食品 營養 及 保健 生技學系
10,醫事技術暨生物科技學系,醫事(Na) 技術(Na) 生物(Na) 科技(Na) 學系(Na),醫事 技術 生物 科技 學系,醫事 技術 暨 生物科技 學系
10,  護理,護理(Na),護理,    護理
10,公共衛生學系,衛生(Na) 學系(Na),衛生 學系,公共 衛生 學系
10,護理系,護理系(Nc),護理系,護理系
10,職業安全衛生,職業(Na) 安全(VH) 衛生(Na),職業 安全 衛生,職業 安全 衛生
10,護理科,護理科(Na),護理科,護 理科
10,  食品營養,食品(Na) 營養(Na),食品 營養,    食品 營養
10,  食品,食品(Na),食品,    食品
10,護理系,護理系(Nc),護理系,護理系
10,  醫事技術,醫事(Na) 技術(Na),醫事 技術,    醫事 技術
10,  醫技,醫技(Na),醫技,    醫技
10,護理系,護理系(Nc),護理系,護理系
10,  護理,護理(Na),護理,    護理
10,藥學,藥學(Na),藥學,藥學
10,  獸醫,獸醫(Na),獸醫,    獸醫
10,護理系,護理系(Nc),護理系,護理系
10,中醫系,中醫系(Nc),中醫系,中醫系
10,  護理,護理(Na),護理,    護理
10,  護理,護理(Na),護理,    護理
10,  牙醫,牙醫(Na),牙醫,    牙醫
10,  職能治療,職能(Na) 治療(VC),職能 治療,    職能 治療
10,  護理,護理(Na),護理,    護理
10,  護理,護理(Na),護理,    護理
10,護理系,護理系(Nc),護理系,護理系
10,醫藥化學系,醫藥(Na) 化學系(Nc),醫藥 化學系,醫藥化 學系
10,護理系,護理系(Nc),護理系,護理系
10,中醫學系,中醫學系(Nc),中醫學系,中醫學系
10,  醫藥衛生,醫藥(Na) 衛生(Na),醫藥 衛生,    醫藥 衛生
10,護理系,護理系(Nc),護理系,護理系
10,  護理,護理(Na),護理,    護理
10,物理治療系,物理(Na) 治療(VC),物理 治療,物理 治療 系
10,  食品營養與保健生技,食品(Na) 營養(Na) 保健(Na) 生技(Na),食品 營養 保健 生技,    食品 營養 與 保健 生技
10,食品營養與保健生技學系,食品(Na) 營養(Na) 保健(Na) 生技(Na) 學系(Na),食品 營養 保健 生技 學系,食品 營養 與 保健 生技學系
10,藥學系,藥學系(Nc),藥學系,藥學系
10,  醫學,醫學(Na),醫學,    醫學
10,護理系,護理系(Nc),護理系,護理系
10,醫學系,醫學系(Nc),醫學系,醫學系
10,  醫藥衛生,醫藥(Na) 衛生(Na),醫藥 衛生,    醫藥 衛生
10,  醫事技術,醫事(Na) 技術(Na),醫事 技術,    醫事 技術
10,護理系,護理系(Nc),護理系,護理系
10,中醫系,中醫系(Nc),中醫系,中醫系
10,  藥學,藥學(Na),藥學,    藥學
10,保健營養系,保健(Na) 營養(Na),保健 營養,保健 營養系
10,放射系,放射系(Nc),放射系,放射 系
10,醫藥化學系,醫藥(Na) 化學系(Nc),醫藥 化學系,醫藥化 學系
10,  護理,護理(Na),護理,    護理
10,物理治療系,物理(Na) 治療(VC),物理 治療,物理 治療 系
10,  藥學,藥學(Na),藥學,    藥學
10,  食品營養,食品(Na) 營養(Na),食品 營養,    食品 營養
10,  醫學,醫學(Na),醫學,    醫學
10,藥學系,藥學系(Nc),藥學系,藥學系
10,護理系,護理系(Nc),護理系,護理系
10,  藥學,藥學(Na),藥學,    藥學
10,護理系 ,護理系(Nc),護理系,護理系  
10,護理系,護理系(Nc),護理系,護理系
10,  護理,護理(Na),護理,    護理
10,運動醫學,運動(Na) 醫學(Na),運動 醫學,運動 醫學
10,藥學系,藥學系(Nc),藥學系,藥學系
10,護理學系 ,護理(Na) 學系(Na),護理 學系,護理 學系  
10,醫學系,醫學系(Nc),醫學系,醫學系
10,  公共衛生,衛生(Na),衛生,    公共 衛生
10,藥學系,藥學系(Nc),藥學系,藥學系
11,  消防安全,安全(VH),安全,    消防安全
11,  職安,職安(Na),職安,    職安
11,冷凍空調系,冷凍(VC) 空調系(Na),冷凍 空調系,冷凍空 調系
11,  電機,電機(Na),電機,    電機
11,  機械科汽車組,機械科(Na) 汽車組(Na),機械科 汽車組,    機械科 汽車 組
12,  電子工程,電子(Na) 工程(Na),電子 工程,    電子 工程
12,  機械工程,機械(Na) 工程(Na),機械 工程,    機械 工程
12,電機,電機(Na),電機,電機
12,  交通工程管理,交通(Na) 工程(Na) 管理(VC),交通 工程 管理,    交通 工程 管理
12,  機械,機械(Na),機械,    機械
12,電子工程系,電子(Na) 工程系(Nc),電子 工程系,電子 工程系
12,機械系先進車輛組,機械系(Nc) 先進(VH) 車輛(Na),機械系 先進 車輛,機械系 先進 車輛 組
12,  資訊工程,資訊(Na) 工程(Na),資訊 工程,    資訊 工程
12,自動控制系,自動(VH) 控制(VC),自動 控制,自動 控制 系
12,土木工程學系 ,土木(Na) 工程(Na) 學系(Na),土木 工程 學系,土木工程 學系  
12,機械系,機械系(Nc),機械系,機械系
12,  資訊工程,資訊(Na) 工程(Na),資訊 工程,    資訊 工程
12,機械工程系,機械(Na) 工程系(Nc),機械 工程系,機械 工程系
12,  電子,電子(Na),電子,    電子
12,環境與安全衛生工程系 ,環境(Na) 安全(VH) 衛生(Na) 工程(Nc),環境 安全 衛生 工程,環境 與 安全 衛生 工程系  
12,電機工程系,電機(Na) 工程系(Na),電機 工程系,電機 工程系
12,工業工程,工業(Na) 工程(Na),工業 工程,工業 工程
12,  電子工程,電子(Na) 工程(Na),電子 工程,    電子 工程
12,  資訊工程,資訊(Na) 工程(Na),資訊 工程,    資訊 工程
12,電機工程學系,電機(Na) 工程(Na) 學系(Na),電機 工程 學系,電機 工程 學系
12,  環境工程,環境(Na) 工程(Na),環境 工程,    環境 工程
12,電機系晶片系統組,電機系(Nc) 晶片(Na) 系統(Na),電機系 晶片 系統,電機系 晶片 系統 組
12,  電機工程,電機(Na) 工程(Na),電機 工程,    電機 工程
12,  電機,電機(Na),電機,    電機
12,  土木工程,土木(Na) 工程(Na),土木 工程,    土木工程
12,電子工程系計算機組,電子(Na) 工程系(Nc) 計算機組(VC),電子 工程系 計算機組,電子 工程系 計算 機組
12,材料科學與工程系,材料(Na) 科學(Na) 工程系(Nc),材料 科學 工程系,材料科 學與 工程系
12,電訊工程學系,電訊(Na) 工程(Na) 學系(Na),電訊 工程 學系,電訊 工程 學系
12,  機械科,機械科(Na),機械科,    機械科
12,  電機,電機(Na),電機,    電機
12,  機械工程,機械(Na) 工程(Na),機械 工程,    機械 工程
12,電子工程學系,電子(Na) 工程(Na) 學系(Na),電子 工程 學系,電子 工程 學系
12,自动化工程,自动化(VHC) 工程(Na),自动化 工程,自动化 工程
12,  模具工程,模具(Na) 工程(Na),模具 工程,    模具 工程
12,化學工程學系,化學(Na) 工程(Na) 學系(Na),化學 工程 學系,化學 工程 學系
12,河海工程系,河海(Na) 工程系(Na),河海 工程系,河海 工程系
12,機械科,機械科(Na),機械科,機械科
12,化學工程與材料工程學,化學(Na) 工程(Na) 材料(Na) 工程(Na),化學 工程 材料 工程,化學 工程 與 材料 工程 學
12,電機系,電機系(Nc),電機系,電機系
12,化學工程學,化學(Na) 工程(Na),化學 工程,化學 工程 學
12,化學工程與材料工程系,化學(Na) 工程(Na) 材料(Na) 工程(Nc),化學 工程 材料 工程,化學 工程 與 材料 工程系
12,  電機,電機(Na),電機,    電機
12,電機系,電機系(Nc),電機系,電機系
12,電機工程系,電機(Na) 工程系(Na),電機 工程系,電機 工程系
12,資訊工程系,資訊(Na) 工程系(Nc),資訊 工程系,資訊 工程系
12,  電機,電機(Na),電機,    電機
12,土木工程 ,土木(Na) 工程(Na),土木 工程,土木工程  
12,  化工,化工(Na),化工,    化工
12,資訊工程學系,資訊(Na) 工程(Na) 學系(Na),資訊 工程 學系,資訊 工程 學系
12,電子系網路與通訊組,電子系(Nc) 網路(Na) 通訊組(Nc),電子系 網路 通訊組,電子系 網路 與 通訊組
12,機械工程,機械(Na) 工程(Na),機械 工程,機械 工程
12,  電子,電子(Na),電子,    電子
12,  機械,機械(Na),機械,    機械
12,  電子,電子(Na),電子,    電子
12,電機工程系 ,電機(Na) 工程系(Nc),電機 工程系,電機 工程系  
12,  電子工程,電子(Na) 工程(Na),電子 工程,    電子 工程
12,  電子,電子(Na),電子,    電子
12,  電機,電機(Na),電機,    電機
12,機械工程系,機械(Na) 工程系(Nc),機械 工程系,機械 工程系
12,工業工程管理系,工業(Na) 工程(Na) 管理(Nc),工業 工程 管理,工業 工程 管理系
12,  農業機械工程,農業(Na) 機械(Na) 工程(Na),農業 機械 工程,    農業 機械 工程
12,材料科學與工程學系,材料(Na) 科學(Na) 工程(Na) 學系(Na),材料 科學 工程 學系,材料科 學與 工程 學系
12,工業工程與經營資訊學系,工業(Na) 工程(Na) 經營(VC) 資訊(Na) 學系(Na),工業 工程 經營 資訊 學系,工業 工程 與 經營 資訊學系
12,資訊工程系,資訊(Na) 工程系(Nc),資訊 工程系,資訊 工程系
12,  化學工程,化學(Na) 工程(Na),化學 工程,    化學 工程
12,  環境工程,環境(Na) 工程(Na),環境 工程,    環境 工程
12,電子工程系,電子(Na) 工程系(Nc),電子 工程系,電子 工程系
12,電機工程系,電機(Na) 工程系(Na),電機 工程系,電機 工程系
12,資訊工程 ,資訊(Na) 工程(Na),資訊 工程,資訊 工程  
12,  遺漏值,遺漏值(Na),遺漏值,    遺漏 值
12,化工系,化工系(Nc),化工系,化工系
12,  光電工程,光電(Na) 工程(Na),光電 工程,    光電 工程
12,  機電工程,機電(Na) 工程(Na),機電 工程,    機電 工程
12,動力機械工程系,動力(Na) 機械(Na) 工程(Nc),動力 機械 工程,動力 機械 工程系
12,  電子工程,電子(Na) 工程(Na),電子 工程,    電子 工程
12,  電機工程,電機(Na) 工程(Na),電機 工程,    電機 工程
12,電子工程學系,電子(Na) 工程(Na) 學系(Na),電子 工程 學系,電子 工程 學系
12,電機系,電機系(Nc),電機系,電機系
12,  電子工程,電子(Na) 工程(Na),電子 工程,    電子 工程
12,航空工程學系,航空(Na) 工程(Na) 學系(Na),航空 工程 學系,航空工程 學系
12,汽修科,汽修科(Na),汽修科,汽修 科
12,電機工程學系,電機(Na) 工程(Na) 學系(Na),電機 工程 學系,電機 工程 學系
12,資訊工程系,資訊(Na) 工程系(Nc),資訊 工程系,資訊 工程系
12,  紡織,紡織(VA),紡織,    紡織
12,機械系,機械系(Nc),機械系,機械系
12,  電機工程,電機(Na) 工程(Na),電機 工程,    電機 工程
12,  電機,電機(Na),電機,    電機
12,航太與系統工程學,系統(Na) 工程(Na),系統 工程,航太 與 系統 工程 學
12,電機工程系,電機(Na) 工程系(Na),電機 工程系,電機 工程系
12,工業工程與管理,工業(Na) 工程(Na) 管理(Na),工業 工程 管理,工業 工程 與 管理
12,電腦與通訊工程系,電腦(Na) 通訊(Na) 工程系(Na),電腦 通訊 工程系,電腦 與 通訊 工程系
12,  電訊工程,電訊(Na) 工程(Na),電訊 工程,    電訊 工程
12,電子工程科,電子(Na) 工程(Na),電子 工程,電子 工程 科
12,土木工程學系 ,土木(Na) 工程(Na) 學系(Na),土木 工程 學系,土木工程 學系  
12,  資訊科學,資訊(Na) 科學(Na),資訊 科學,    資訊 科學
12,土木工程與防災,土木(Na) 工程(Na) 防災(VH),土木 工程 防災,土木工程 與 防災
12,  電機工程,電機(Na) 工程(Na),電機 工程,    電機 工程
12,機械工程,機械(Na) 工程(Na),機械 工程,機械 工程
12,  電子,電子(Na),電子,    電子
12,營建科系,營建(VC) 科系(Na),營建 科系,營建 科系
12,  車輛工程,車輛(Na) 工程(Na),車輛 工程,    車輛 工程
12,資訊工程,資訊(Na) 工程(Na),資訊 工程,資訊 工程
12,  環境工程,環境(Na) 工程(Na),環境 工程,    環境 工程
12,  電機工程,電機(Na) 工程(Na),電機 工程,    電機 工程
12,機械工程系,機械(Na) 工程系(Nc),機械 工程系,機械 工程系
12,纖維與複合材料系,纖維(Na) 材料系(Nc),纖維 材料系,纖維 與 複 合 材料 系
12,  環境安全衛生工程,環境(Na) 安全(VH) 衛生(Na) 工程(Na),環境 安全 衛生 工程,    環境 安全 衛生 工程
12,電機系,電機系(Nc),電機系,電機系
12,  電子工程,電子(Na) 工程(Na),電子 工程,    電子 工程
12,電子工程系,電子(Na) 工程系(Nc),電子 工程系,電子 工程系
12,  機械,機械(Na),機械,    機械
12,機械工程,機械(Na) 工程(Na),機械 工程,機械 工程
12,機械工程系,機械(Na) 工程系(Nc),機械 工程系,機械 工程系
12,  電機,電機(Na),電機,    電機
12,電機系,電機系(Nc),電機系,電機系
12,自動化工程學系,自動化(VHC) 工程(Na) 學系(Na),自動化 工程 學系,自動化 工程 學系
12,化學工程與材料工程學系 ,化學(Na) 工程(Na) 材料(Na) 工程(Na) 學系(Na),化學 工程 材料 工程 學系,化學 工程 與 材料 工程 學系  
12,環境工程與科學學系 ,環境(Na) 工程(Na) 科學(Na) 學系(Na),環境 工程 科學 學系,環境 工程 與 科學學系  
12,  電子工程,電子(Na) 工程(Na),電子 工程,    電子 工程
12,  機械工程,機械(Na) 工程(Na),機械 工程,    機械 工程
12,  電腦通訊,電腦(Na) 通訊(Na),電腦 通訊,    電腦 通訊
12,  電機工程,電機(Na) 工程(Na),電機 工程,    電機 工程
12,  電機工程,電機(Na) 工程(Na),電機 工程,    電機 工程
12,環境公共安全與衛生,環境(Na) 安全(Nv) 衛生(Na),環境 安全 衛生,環境 公共安全 與 衛生
12,  材料科學,材料(Na) 科學(Na),材料 科學,    材料科 學
12,土木工程系,土木(Na) 工程(Na),土木 工程,土木工程 系
12,  電機,電機(Na),電機,    電機
12,  資訊工程,資訊(Na) 工程(Na),資訊 工程,    資訊 工程
12,  電機工程系,電機(Na) 工程系(Nc),電機 工程系,    電機 工程系
12,  電機工程,電機(Na) 工程(Na),電機 工程,    電機 工程
12,資訊工程系,資訊(Na) 工程系(Nc),資訊 工程系,資訊 工程系
12,機械工程系,機械(Na) 工程系(Nc),機械 工程系,機械 工程系
12,電機工程系,電機(Na) 工程系(Na),電機 工程系,電機 工程系
12,  工程材料資源,工程(Na) 材料(Na) 資源(Na),工程 材料 資源,    工程 材料 資源
12,資訊工程系,資訊(Na) 工程系(Nc),資訊 工程系,資訊 工程系
12,  工業管理,工業(Na) 管理(VC),工業 管理,    工業 管理
12,  工業工程,工業(Na) 工程(Na),工業 工程,    工業 工程
12,  電機,電機(Na),電機,    電機
12,  電機,電機(Na),電機,    電機
12,  工業工程與系統管理,工業(Na) 工程(Na) 系統(Na) 管理(VC),工業 工程 系統 管理,    工業 工程 與 系統 管理
12,土木系資訊組,土木系(Nc) 資訊組(Nc),土木系 資訊組,土木系 資訊組
12,電子工程系,電子(Na) 工程系(Nc),電子 工程系,電子 工程系
12,  資訊工程,資訊(Na) 工程(Na),資訊 工程,    資訊 工程
12,工程與系統科學,工程(Na) 系統(Na) 科學(Na),工程 系統 科學,工程 與 系統 科學
12,動力機械系,動力(Na) 機械(Nc),動力 機械,動力 機械系
12,  機械工程,機械(Na) 工程(Na),機械 工程,    機械 工程
12,工業公程管理,工業(Na) 公程(Na) 管理(Na),工業 公程 管理,工業 公程 管理
12,電腦與通訊工程學系,電腦(Na) 通訊(Na) 工程(Na) 學系(Na),電腦 通訊 工程 學系,電腦 與 通訊 工程 學系
12,  資訊管理,資訊(Na) 管理(VC),資訊 管理,    資訊 管理
12,財料工程,財料(Na) 工程(Na),財料 工程,財料 工程
12,機械工程系,機械(Na) 工程系(Nc),機械 工程系,機械 工程系
12,電子工程,電子(Na) 工程(Na),電子 工程,電子 工程
12,  自動化機械,自動化(VHC) 機械(Na),自動化 機械,    自動化 機械
12,輪機工程系,輪機(Na) 工程系(Na),輪機 工程系,輪機 工程系
12,  模具工程,模具(Na) 工程(Na),模具 工程,    模具 工程
12,電機工程系,電機(Na) 工程系(Na),電機 工程系,電機 工程系
12,工業工程管理 ,工業(Na) 工程(Na) 管理(Na),工業 工程 管理,工業 工程 管理  
12,機械工程學系,機械(Na) 工程(Na) 學系(Na),機械 工程 學系,機械 工程 學系
12,機械工程學系,機械(Na) 工程(Na) 學系(Na),機械 工程 學系,機械 工程 學系
12,資訊工程學系,資訊(Na) 工程(Na) 學系(Na),資訊 工程 學系,資訊 工程 學系
12,電機工程系,電機(Na) 工程系(Na),電機 工程系,電機 工程系
12,化學工程與材料工程學系,化學(Na) 工程(Na) 材料(Na) 工程(Na) 學系(Na),化學 工程 材料 工程 學系,化學 工程 與 材料 工程 學系
12,土木工程學系,土木(Na) 工程(Na) 學系(Na),土木 工程 學系,土木工程 學系
12,機械工程學系,機械(Na) 工程(Na) 學系(Na),機械 工程 學系,機械 工程 學系
12,資訊工程系,資訊(Na) 工程系(Nc),資訊 工程系,資訊 工程系
12,電腦與通訊學系,電腦(Na) 通訊(Na) 學系(Na),電腦 通訊 學系,電腦 與 通訊學系
12,機械工程系,機械(Na) 工程系(Nc),機械 工程系,機械 工程系
12,資訊工程學,資訊(Na) 工程(Na),資訊 工程,資訊 工程 學
12,資訊工程系 ,資訊(Na) 工程系(Nc),資訊 工程系,資訊 工程系  
12,  電子工程,電子(Na) 工程(Na),電子 工程,    電子 工程
12,電子工程系,電子(Na) 工程系(Nc),電子 工程系,電子 工程系
12,  工業工程管理,工業(Na) 工程(Na) 管理(VC),工業 工程 管理,    工業 工程 管理
12,資工,資工(Na),資工,資工
12,化工系 ,化工系(Nc),化工系,化工系  
12,  環境工程,環境(Na) 工程(Na),環境 工程,    環境 工程
12,電子工程系,電子(Na) 工程系(Nc),電子 工程系,電子 工程系
12,環工系,環工系(Nc),環工系,環工系
12,  土木工程,土木(Na) 工程(Na),土木 工程,    土木工程
12,資訊工程系,資訊(Na) 工程系(Nc),資訊 工程系,資訊 工程系
12,機械工程系,機械(Na) 工程系(Nc),機械 工程系,機械 工程系
12,電機科,電機科(Na),電機科,電機科
12,機械系,機械系(Nc),機械系,機械系
12,  環境工程管理,環境(Na) 工程(Na) 管理(VC),環境 工程 管理,    環境 工程 管理
12,環境工程 ,環境(Na) 工程(Na),環境 工程,環境 工程  
12,  電子,電子(Na),電子,    電子
12,工業工程與管理學系,工業(Na) 工程(Na) 管理(Na) 學系(Na),工業 工程 管理 學系,工業 工程 與 管理 學系
12,  環境工程,環境(Na) 工程(Na),環境 工程,    環境 工程
12,電子工程,電子(Na) 工程(Na),電子 工程,電子 工程
12,  電機,電機(Na),電機,    電機
12,  電機,電機(Na),電機,    電機
12,光電系統工程學系,光電(Na) 系統(Na) 工程(Na) 學系(Na),光電 系統 工程 學系,光電系統 工程 學系
12,電子系,電子系(Nc),電子系,電子系
12,  工業工程與管理,工業(Na) 工程(Na) 管理(Na),工業 工程 管理,    工業 工程 與 管理
12,模具工程系,模具(Na) 工程系(Nc),模具 工程系,模具 工程系
12,  環境工程,環境(Na) 工程(Na),環境 工程,    環境 工程
12,  土木工程,土木(Na) 工程(Na),土木 工程,    土木工程
12,  航空機械,航空(Na) 機械(Na),航空 機械,    航空 機械
12,資訊工程,資訊(Na) 工程(Na),資訊 工程,資訊 工程
12,  機械,機械(Na),機械,    機械
12,電機工程系,電機(Na) 工程系(Na),電機 工程系,電機 工程系
12,  機械管理,機械(Na) 管理(VC),機械 管理,    機械 管理
12,高分子工程學系,高分子(Na) 工程(Na) 學系(Na),高分子 工程 學系,高分子 工程 學系
12,造船系,造船系(Nc),造船系,造船系
12,化學工程與材料系,化學(Na) 工程(Na) 材料系(Nc),化學 工程 材料系,化學 工程 與 材料 系
12,  電機,電機(Na),電機,    電機
12,電子科,電子科(Na),電子科,電子科
12,  電腦資訊,電腦(Na) 資訊(Na),電腦 資訊,    電腦 資訊
12,機械與電腦輔助工程系,機械(Na) 電腦(Na) 輔助(VC) 工程(Nc),機械 電腦 輔助 工程,機械 與 電腦 輔助 工程系
12,  資訊管理,資訊(Na) 管理(VC),資訊 管理,    資訊 管理
12,  資訊工程,資訊(Na) 工程(Na),資訊 工程,    資訊 工程
12,電腦通訊工程,電腦(Na) 通訊(Na) 工程(Na),電腦 通訊 工程,電腦 通訊 工程
12,  電子工程,電子(Na) 工程(Na),電子 工程,    電子 工程
12,  電子,電子(Na),電子,    電子
12,  機械,機械(Na),機械,    機械
12,化學工程與材料工程,化學(Na) 工程(Na) 材料(Na) 工程(Na),化學 工程 材料 工程,化學 工程 與 材料 工程
12,電機工程系,電機(Na) 工程系(Na),電機 工程系,電機 工程系
12,資訊工程學系,資訊(Na) 工程(Na) 學系(Na),資訊 工程 學系,資訊 工程 學系
12,  電機工程,電機(Na) 工程(Na),電機 工程,    電機 工程
12,電機工程系,電機(Na) 工程系(Na),電機 工程系,電機 工程系
12,土木與水資源工程系系,土木(Na) 資源(Na) 工程(Na),土木 資源 工程,土木 與 水資源 工程系 系
12,電機科,電機科(Na),電機科,電機科
12,  紡織工程,紡織(VA) 工程(Na),紡織 工程,    紡織 工程
12,  電子工程,電子(Na) 工程(Na),電子 工程,    電子 工程
12,  機械工程,機械(Na) 工程(Na),機械 工程,    機械 工程
12,機械工程 ,機械(Na) 工程(Na),機械 工程,機械 工程  
12,  機械,機械(Na),機械,    機械
12,電機工程系,電機(Na) 工程系(Na),電機 工程系,電機 工程系
12,  機械工程,機械(Na) 工程(Na),機械 工程,    機械 工程
12,  機械與自動化工程,機械(Na) 自動化(VHC) 工程(Na),機械 自動化 工程,    機械 與 自動化 工程
12,  電子工程,電子(Na) 工程(Na),電子 工程,    電子 工程
12,資訊工程系,資訊(Na) 工程系(Nc),資訊 工程系,資訊 工程系
12,  醫學工程,醫學(Na) 工程(Na),醫學 工程,    醫學 工程
12,機械,機械(Na),機械,機械
12,電机系,電机系(Nc),電机系,電机系
12,  工業工程與管理,工業(Na) 工程(Na) 管理(Na),工業 工程 管理,    工業 工程 與 管理
12,  機械工程,機械(Na) 工程(Na),機械 工程,    機械 工程
12,電腦與資訊系,電腦(Na) 資訊系(Nc),電腦 資訊系,電腦 與 資訊系
12,資訊工程,資訊(Na) 工程(Na),資訊 工程,資訊 工程
12,環境工程系,環境(Na) 工程(Na),環境 工程,環境 工程系
12,工程科學系,工程(Na) 科學(Na),工程 科學,工程 科學系
12,電機工程系,電機(Na) 工程系(Na),電機 工程系,電機 工程系
12,  電機,電機(Na),電機,    電機
12,電機工程學系,電機(Na) 工程(Na) 學系(Na),電機 工程 學系,電機 工程 學系
12,資訊工程系,資訊(Na) 工程系(Nc),資訊 工程系,資訊 工程系
12,土木工程系,土木(Na) 工程(Na),土木 工程,土木工程 系
12,應用電子科技學系,應用(Na) 電子(Na) 科技(Na) 學系(Na),應用 電子 科技 學系,應用 電子 科技 學系
12,工業工程與管理學系 ,工業(Na) 工程(Na) 管理(Na) 學系(Na),工業 工程 管理 學系,工業 工程 與 管理 學系  
12,资訊工程系,资訊(Na) 工程系(Na),资訊 工程系,资訊 工程系
12,環境與安全衛生工程系,環境(Na) 安全(VH) 衛生(Na) 工程(Nc),環境 安全 衛生 工程,環境 與 安全 衛生 工程系
12,  工業管理,工業(Na) 管理(VC),工業 管理,    工業 管理
12,  工業工程管理,工業(Na) 工程(Na) 管理(VC),工業 工程 管理,    工業 工程 管理
12,  機械,機械(Na),機械,    機械
12,營建科技 ,營建(VC) 科技(Na),營建 科技,營建 科技  
12,  資訊學,資訊學(Na),資訊學,    資訊學
12,  電機,電機(Na),電機,    電機
12,  資工,資工(Na),資工,    資工
12,材料科系,材料(Na) 科系(Na),材料 科系,材料科 系
12,  電機,電機(Na),電機,    電機
12,資訊工程學系,資訊(Na) 工程(Na) 學系(Na),資訊 工程 學系,資訊 工程 學系
12,機械工程系,機械(Na) 工程系(Nc),機械 工程系,機械 工程系
12,機械,機械(Na),機械,機械
12,通訊工程,通訊(Na) 工程(Na),通訊 工程,通訊 工程
12,  電子,電子(Na),電子,    電子
12,船舶機械工程 ,船舶(Na) 機械(Na) 工程(Na),船舶 機械 工程,船舶 機械 工程  
12,工業工程管理系,工業(Na) 工程(Na) 管理(Nc),工業 工程 管理,工業 工程 管理系
12,  電子工程,電子(Na) 工程(Na),電子 工程,    電子 工程
12,電機工程,電機(Na) 工程(Na),電機 工程,電機 工程
12,  車輪工程,車輪(Na) 工程(Na),車輪 工程,    車輪 工程
12,  資訊管理,資訊(Na) 管理(VC),資訊 管理,    資訊 管理
12,  水資源環境工程,資源(Na) 環境(Na) 工程(Na),資源 環境 工程,    水資源 環境 工程
12,材料,材料(Na),材料,材料
12,機械電腦工程系,機械(Na) 電腦(Na) 工程系(Nc),機械 電腦 工程系,機械 電腦 工程系
12,  電機,電機(Na),電機,    電機
12,電子工程系,電子(Na) 工程系(Nc),電子 工程系,電子 工程系
12,資訊系,資訊系(Nc),資訊系,資訊系
12,電機系,電機系(Nc),電機系,電機系
12,  電機工程,電機(Na) 工程(Na),電機 工程,    電機 工程
12,輪機系,輪機系(Nc),輪機系,輪機系
12,  輪機工程,輪機(Na) 工程(Na),輪機 工程,    輪機 工程
12,機械工程,機械(Na) 工程(Na),機械 工程,機械 工程
12,電子工程系,電子(Na) 工程系(Nc),電子 工程系,電子 工程系
12,資訊系,資訊系(Nc),資訊系,資訊系
12,資訊工程系,資訊(Na) 工程系(Nc),資訊 工程系,資訊 工程系
12,化學工程系,化學(Na) 工程(Nc),化學 工程,化學 工程系
12,醫學工程,醫學(Na) 工程(Na),醫學 工程,醫學 工程
12,電子工程,電子(Na) 工程(Na),電子 工程,電子 工程
12,機械系,機械系(Nc),機械系,機械系
12,航空機械系,航空(Na) 機械(Na),航空 機械,航空 機械系
12,  機械,機械(Na),機械,    機械
12,  化學工程,化學(Na) 工程(Na),化學 工程,    化學 工程
12,  電機,電機(Na),電機,    電機
12,  機械,機械(Na),機械,    機械
12,  化工,化工(Na),化工,    化工
12,機械與自動化工程,機械(Na) 自動化(VHC) 工程(Na),機械 自動化 工程,機械 與 自動化 工程
12,資訊工程,資訊(Na) 工程(Na),資訊 工程,資訊 工程
12,電子工程,電子(Na) 工程(Na),電子 工程,電子 工程
12,  機械,機械(Na),機械,    機械
12,電子,電子(Na),電子,電子
12,  環境工程,環境(Na) 工程(Na),環境 工程,    環境 工程
12,  機械,機械(Na),機械,    機械
12,  材料工程,材料(Na) 工程(Na),材料 工程,    材料 工程
12,  電機工程,電機(Na) 工程(Na),電機 工程,    電機 工程
12,土木工程系,土木(Na) 工程(Na),土木 工程,土木工程 系
12,  電機,電機(Na),電機,    電機
12,  工業工程,工業(Na) 工程(Na),工業 工程,    工業 工程
12,電子工程,電子(Na) 工程(Na),電子 工程,電子 工程
12,機械工程（車輛工程組）,機械(Na) 工程(Na) 車輛(Na) 工程組(Nc),機械 工程 車輛 工程組,機械 工程 （ 車輛 工程 組 ）
12,  電機,電機(Na),電機,    電機
12,土木工程,土木(Na) 工程(Na),土木 工程,土木工程
12,  機械,機械(Na),機械,    機械
12,化工科系,化工(Na) 科系(Na),化工 科系,化工 科系
12,機械系,機械系(Nc),機械系,機械系
12,  機械工程與自動控制,機械(Na) 工程(Na) 自動(VH) 控制(VC),機械 工程 自動 控制,    機械 工程 與 自動 控制
12,資訊工程學系,資訊(Na) 工程(Na) 學系(Na),資訊 工程 學系,資訊 工程 學系
12,資訊工程,資訊(Na) 工程(Na),資訊 工程,資訊 工程
12,  電機,電機(Na),電機,    電機
12,化工與材料工程系,化工(Na) 材料(Na) 工程(Nc),化工 材料 工程,化工 與 材料 工程系
12,電腦應用工程,電腦(Na) 應用(Na) 工程(Na),電腦 應用 工程,電腦 應用 工程
12,  資訊工程,資訊(Na) 工程(Na),資訊 工程,    資訊 工程
12,化學材料系,化學(Na) 材料(Nc),化學 材料,化學 材料 系
12,電機,電機(Na),電機,電機
12,  自動控制,自動(VH) 控制(VC),自動 控制,    自動 控制
12,  機械製造,機械(Na) 製造(VC),機械 製造,    機 械 製 造
12,  化學系,化學系(Nc),化學系,    化學系
12,  光電工程,光電(Na) 工程(Na),光電 工程,    光電 工程
12,  電機,電機(Na),電機,    電機
12,  機械,機械(Na),機械,    機械
12,光電工程系,光電(Na) 工程(Nc),光電 工程,光電 工程系
12,  模具,模具(Na),模具,    模具
12,  工業工程管理,工業(Na) 工程(Na) 管理(VC),工業 工程 管理,    工業 工程 管理
12,環境與安全衛生工程系,環境(Na) 安全(VH) 衛生(Na) 工程(Nc),環境 安全 衛生 工程,環境 與 安全 衛生 工程系
12,資訊工程系,資訊(Na) 工程系(Nc),資訊 工程系,資訊 工程系
12,  機械工程,機械(Na) 工程(Na),機械 工程,    機械 工程
12,  電機,電機(Na),電機,    電機
12,  機械工程,機械(Na) 工程(Na),機械 工程,    機械 工程
12,  資訊科學,資訊(Na) 科學(Na),資訊 科學,    資訊 科學
12,機械工程學系 ,機械(Na) 工程(Na) 學系(Na),機械 工程 學系,機械 工程 學系  
12,化學工業學系,化學(Na) 工業(Na) 學系(Na),化學 工業 學系,化學 工業 學系
12,電子與資訊,電子(Na) 資訊(Na),電子 資訊,電子 與 資訊
12,  機械,機械(Na),機械,    機械
12,電機工程學系,電機(Na) 工程(Na) 學系(Na),電機 工程 學系,電機 工程 學系
12,  土木,土木(Na),土木,    土木
12,電機工程學系,電機(Na) 工程(Na) 學系(Na),電機 工程 學系,電機 工程 學系
12,電腦與通訊工程,電腦(Na) 通訊(Na) 工程(Na),電腦 通訊 工程,電腦 與 通訊 工程
12,  機工,機工(Na),機工,    機工
12,  土木,土木(Na),土木,    土木
12,  電子工程,電子(Na) 工程(Na),電子 工程,    電子 工程
12,資訊工資訊工程學系,資訊工(Na) 資訊(Na) 工程(Na) 學系(Na),資訊工 資訊 工程 學系,資訊 工資訊 工程 學系
12,  電機工程,電機(Na) 工程(Na),電機 工程,    電機 工程
12,  工業工程,工業(Na) 工程(Na),工業 工程,    工業 工程
12,土木工程系,土木(Na) 工程(Na),土木 工程,土木工程 系
12,資訊工程,資訊(Na) 工程(Na),資訊 工程,資訊 工程
12,電腦與通訊系,電腦(Na) 通訊系(Na),電腦 通訊系,電腦 與 通訊系
12,電子工程學,電子(Na) 工程(Na),電子 工程,電子 工程 學
12,  土木工程,土木(Na) 工程(Na),土木 工程,    土木工程
12,電機工程,電機(Na) 工程(Na),電機 工程,電機 工程
12,工業工程與管理 ,工業(Na) 工程(Na) 管理(Na),工業 工程 管理,工業 工程 與 管理  
12,  機械,機械(Na),機械,    機械
12,資訊科,資訊科(Na),資訊科,資訊科
12,  工業工程,工業(Na) 工程(Na),工業 工程,    工業 工程
12,飛機工程系飛機結構組 ,飛機(Na) 工程系(Na) 飛機(Na) 結構組(Na),飛機 工程系 飛機 結構組,飛機 工程系 飛機 結構 組  
12,資訊工程系,資訊(Na) 工程系(Nc),資訊 工程系,資訊 工程系
12,  自動控制工程,自動(VH) 控制(VC) 工程(Na),自動 控制 工程,    自動 控制工程
12,土木工程學系,土木(Na) 工程(Na) 學系(Na),土木 工程 學系,土木工程 學系
12,電機科,電機科(Na),電機科,電機科
12,生物醫學工程,生物醫學(Na) 工程(Na),生物醫學 工程,生物 醫學 工程
12,機械工程系,機械(Na) 工程系(Nc),機械 工程系,機械 工程系
12,電機工程系,電機(Na) 工程系(Na),電機 工程系,電機 工程系
12,  土木工程,土木(Na) 工程(Na),土木 工程,    土木工程
12,  電機,電機(Na),電機,    電機
12,資訊工程系,資訊(Na) 工程系(Nc),資訊 工程系,資訊 工程系
12,  航空電子,航空(Na) 電子(Na),航空 電子,    航空 電子
12,電機系,電機系(Nc),電機系,電機系
12,資訊科學系,資訊(Na) 科學(Na),資訊 科學,資訊 科學系
12,化學工程與材料學系,化學(Na) 工程(Na) 材料(Na) 學系(Na),化學 工程 材料 學系,化學 工程 與 材料 學系
12,電機工程學系 ,電機(Na) 工程(Na) 學系(Na),電機 工程 學系,電機 工程 學系  
12,電機系,電機系(Nc),電機系,電機系
12,環保與安全衛生工程 ,環保(Na) 安全(VH) 衛生(Na) 工程(Na),環保 安全 衛生 工程,環保 與 安全 衛生 工程  
12,  化工,化工(Na),化工,    化工
12,  電子,電子(Na),電子,    電子
12,  化學工程,化學(Na) 工程(Na),化學 工程,    化學 工程
12,電機工程,電機(Na) 工程(Na),電機 工程,電機 工程
12,機械系,機械系(Nc),機械系,機械系
12,機械科,機械科(Na),機械科,機械科
12,電機工程科系,電機(Na) 工程(Na) 科系(Na),電機 工程 科系,電機 工程 科系
12,電子工程,電子(Na) 工程(Na),電子 工程,電子 工程
12,  化工系,化工系(Nc),化工系,    化工系
12,機械工程系,機械(Na) 工程系(Nc),機械 工程系,機械 工程系
12,化學材料工程系,化學(Na) 材料(Na) 工程(Nc),化學 材料 工程,化學 材料 工程系
12,電機工程系,電機(Na) 工程系(Na),電機 工程系,電機 工程系
12,  資訊工程,資訊(Na) 工程(Na),資訊 工程,    資訊 工程
12,  環境工程,環境(Na) 工程(Na),環境 工程,    環境 工程
12,環境科學與工程,環境(Na) 科學(Na) 工程(Na),環境 科學 工程,環境 科學 與 工程
12,  電機,電機(Na),電機,    電機
12,電子機械工程學系,電子(Na) 機械(Na) 工程(Na) 學系(Na),電子 機械 工程 學系,電子 機械 工程 學系
12,資訊工程,資訊(Na) 工程(Na),資訊 工程,資訊 工程
12,電機,電機(Na),電機,電機
12,機電工程,機電(Na) 工程(Na),機電 工程,機電 工程
12,航空電子系,航空(Na) 電子系(Nc),航空 電子系,航空 電子系
12,  機械系,機械系(Nc),機械系,    機械系
12,機械系汽車組,機械系(Nc) 汽車組(Nc),機械系 汽車組,機械系 汽車 組
12,  機械工程,機械(Na) 工程(Na),機械 工程,    機械 工程
12,  環境工程,環境(Na) 工程(Na),環境 工程,    環境 工程
12,  資訊工程,資訊(Na) 工程(Na),資訊 工程,    資訊 工程
12,電機系,電機系(Nc),電機系,電機系
12,機械系,機械系(Nc),機械系,機械系
12,資訊工程系,資訊(Na) 工程系(Nc),資訊 工程系,資訊 工程系
12,工業工程管理,工業(Na) 工程(Na) 管理(Na),工業 工程 管理,工業 工程 管理
12,  織品科工程組,織品科(Na) 工程組(Nc),織品科 工程組,    織品 科 工程 組
12,  測繪工程,測繪(VC) 工程(Na),測繪 工程,    測繪 工程
12,  紡織,紡織(VA),紡織,    紡織
12,土木工程資訊應用系,土木(Na) 工程(Na) 資訊(Na) 應用(Na),土木 工程 資訊 應用,土木工程 資訊應 用系
12,  資訊工程,資訊(Na) 工程(Na),資訊 工程,    資訊 工程
12,資訊工程,資訊(Na) 工程(Na),資訊 工程,資訊 工程
12,  電子,電子(Na),電子,    電子
12,電機工程系,電機(Na) 工程系(Na),電機 工程系,電機 工程系
12,  電子工程,電子(Na) 工程(Na),電子 工程,    電子 工程
12,環境工程系,環境(Na) 工程(Na),環境 工程,環境 工程系
12,  電子工程,電子(Na) 工程(Na),電子 工程,    電子 工程
12,  電機,電機(Na),電機,    電機
12,  環境工程,環境(Na) 工程(Na),環境 工程,    環境 工程
12,  電機系,電機系(Nc),電機系,    電機系
12,  車輛工程,車輛(Na) 工程(Na),車輛 工程,    車輛 工程
12,  電工,電工(Na),電工,    電工
12,電機工程系,電機(Na) 工程系(Na),電機 工程系,電機 工程系
12,生物機電系,生物機(Na) 電系(Nc),生物機 電系,生物 機電系
12,飛機工程電子組,飛機(Na) 工程(Na) 電子組(Na),飛機 工程 電子組,飛機 工程 電子組
12,  機械,機械(Na),機械,    機械
12,機械工程,機械(Na) 工程(Na),機械 工程,機械 工程
12,機械工程系,機械(Na) 工程系(Nc),機械 工程系,機械 工程系
12,電子工程系,電子(Na) 工程系(Nc),電子 工程系,電子 工程系
12,  電子,電子(Na),電子,    電子
12,電機工程,電機(Na) 工程(Na),電機 工程,電機 工程
12,電子工程系,電子(Na) 工程系(Nc),電子 工程系,電子 工程系
12,  機械,機械(Na),機械,    機械
12,環境工程系,環境(Na) 工程(Na),環境 工程,環境 工程系
12,工業工程與管理,工業(Na) 工程(Na) 管理(Na),工業 工程 管理,工業 工程 與 管理
12,  電子,電子(Na),電子,    電子
12,  環境工程與科學,環境(Na) 工程(Na) 科學(Na),環境 工程 科學,    環境 工程 與 科學
12,  冷凍空調,冷凍(VC) 空調(Na),冷凍 空調,    冷凍 空調
12,  環境工程,環境(Na) 工程(Na),環境 工程,    環境 工程
12,電機系,電機系(Nc),電機系,電機系
12,電機工程學系,電機(Na) 工程(Na) 學系(Na),電機 工程 學系,電機 工程 學系
12,電子工程系,電子(Na) 工程系(Nc),電子 工程系,電子 工程系
12,  電子工程,電子(Na) 工程(Na),電子 工程,    電子 工程
12,工學院學士班,工學院(Nc) 學士班(Nc),工學院 學士班,工學院 學士班
12,  電子,電子(Na),電子,    電子
12,  資訊工程,資訊(Na) 工程(Na),資訊 工程,    資訊 工程
12,資通系,資通系(Nc),資通系,資通系
12,機械工程,機械(Na) 工程(Na),機械 工程,機械 工程
12,電子科系,電子(Na) 科系(Na),電子 科系,電子 科系
12,  土木工程,土木(Na) 工程(Na),土木 工程,    土木工程
12,  工業工程與管理,工業(Na) 工程(Na) 管理(Na),工業 工程 管理,    工業 工程 與 管理
12,  工業工程管理,工業(Na) 工程(Na) 管理(VC),工業 工程 管理,    工業 工程 管理
12,機械系,機械系(Nc),機械系,機械系
12,  工業管理,工業(Na) 管理(VC),工業 管理,    工業 管理
12,機械工程系,機械(Na) 工程系(Nc),機械 工程系,機械 工程系
12,光電系,光電系(Nc),光電系,光電系
12,電子工程系,電子(Na) 工程系(Nc),電子 工程系,電子 工程系
12,化學工程,化學(Na) 工程(Na),化學 工程,化學 工程
12,環境工程與科學系,環境(Na) 工程(Na) 科學系(Na),環境 工程 科學系,環境 工程 與 科學系
12,  機械,機械(Na),機械,    機械
12,  車輛工程,車輛(Na) 工程(Na),車輛 工程,    車輛 工程
12,光電系統工程 ,光電(Na) 系統(Na) 工程(Na),光電 系統 工程,光電系統 工程  
12,化工系,化工系(Nc),化工系,化工系
12,電機系,電機系(Nc),電機系,電機系
12,飛機修護,飛機(Na) 修護(VC),飛機 修護,飛機 修護
12,  資訊工程,資訊(Na) 工程(Na),資訊 工程,    資訊 工程
12,先進薄膜製成,先進(VH) 薄膜(Na) 製成(VG),先進 薄膜 製成,先進 薄膜 製 成
12,土木科系,土木(Na) 科系(Na),土木 科系,土木 科系
12,化學工程與生物科技系,化學(Na) 工程(Na) 生物(Na) 科技(Na),化學 工程 生物 科技,化學 工程 與 生物科技 系
12,  工業工程管理,工業(Na) 工程(Na) 管理(VC),工業 工程 管理,    工業 工程 管理
12,  資訊工程,資訊(Na) 工程(Na),資訊 工程,    資訊 工程
12,環境工程管理系,環境(Na) 工程(Na) 管理(Na),環境 工程 管理,環境 工程 管理系
12,航空太空工程學系,航空(Na) 太空(Na) 工程(Na) 學系(Na),航空 太空 工程 學系,航空 太空 工程 學系
12,機械系,機械系(Nc),機械系,機械系
12,  電機工程,電機(Na) 工程(Na),電機 工程,    電機 工程
12,工業工程與管理學系,工業(Na) 工程(Na) 管理(Na) 學系(Na),工業 工程 管理 學系,工業 工程 與 管理 學系
12,電機工程學系,電機(Na) 工程(Na) 學系(Na),電機 工程 學系,電機 工程 學系
12,電機系,電機系(Nc),電機系,電機系
12,機械工程,機械(Na) 工程(Na),機械 工程,機械 工程
12,化學工程,化學(Na) 工程(Na),化學 工程,化學 工程
12,  機械,機械(Na),機械,    機械
12,  機電,機電(Na),機電,    機電
12,  電機,電機(Na),電機,    電機
12,工業工程與管理系 ,工業(Na) 工程(Na) 管理系(Na),工業 工程 管理系,工業 工程 與 管理系  
12,  電機,電機(Na),電機,    電機
12,土木工程學系,土木(Na) 工程(Na) 學系(Na),土木 工程 學系,土木工程 學系
12,機電與機械工程學系,機電(Na) 機械(Na) 工程(Na) 學系(Na),機電 機械 工程 學系,機電 與 機械 工程 學系
12,機械工程,機械(Na) 工程(Na),機械 工程,機械 工程
12,營建工程系,營建(VC) 工程系(Nc),營建 工程系,營建 工程系
12,  電機,電機(Na),電機,    電機
12,  電機工程,電機(Na) 工程(Na),電機 工程,    電機 工程
12,資訊工程系,資訊(Na) 工程系(Nc),資訊 工程系,資訊 工程系
12,土木工程系,土木(Na) 工程(Na),土木 工程,土木工程 系
12,  土木工程,土木(Na) 工程(Na),土木 工程,    土木工程
12,資訊系,資訊系(Nc),資訊系,資訊系
12,資訊工程,資訊(Na) 工程(Na),資訊 工程,資訊 工程
12,電機工程學系,電機(Na) 工程(Na) 學系(Na),電機 工程 學系,電機 工程 學系
12,生物醫學工程系 ,生物醫學(Na) 工程(Nc),生物醫學 工程,生物 醫學 工程系  
12,電子系,電子系(Nc),電子系,電子系
12,機械工程系,機械(Na) 工程系(Nc),機械 工程系,機械 工程系
12,  機械,機械(Na),機械,    機械
12,  資訊科,資訊科(Na),資訊科,    資訊科
12,  土木工程,土木(Na) 工程(Na),土木 工程,    土木工程
12,  資訊工程,資訊(Na) 工程(Na),資訊 工程,    資訊 工程
12,材料科學與工程系,材料(Na) 科學(Na) 工程系(Nc),材料 科學 工程系,材料科 學與 工程系
12,  電子工程,電子(Na) 工程(Na),電子 工程,    電子 工程
12,環境工程學系,環境(Na) 工程(Na) 學系(Na),環境 工程 學系,環境 工程 學系
12,  土木工程系,土木(Na) 工程(Nc),土木 工程,    土木工程 系
12,  環工,環工(Na),環工,    環工
12,  機械,機械(Na),機械,    機械
12,  環境工程,環境(Na) 工程(Na),環境 工程,    環境 工程
12,  機械工程,機械(Na) 工程(Na),機械 工程,    機械 工程
12,  電子工程,電子(Na) 工程(Na),電子 工程,    電子 工程
12,資訊工程,資訊(Na) 工程(Na),資訊 工程,資訊 工程
12,  電機工程,電機(Na) 工程(Na),電機 工程,    電機 工程
12,工業工程系,工業(Na) 工程系(Nc),工業 工程系,工業 工程系
12,資訊工程學系,資訊(Na) 工程(Na) 學系(Na),資訊 工程 學系,資訊 工程 學系
12,  機械工程,機械(Na) 工程(Na),機械 工程,    機械 工程
12,  農業機械工程,農業(Na) 機械(Na) 工程(Na),農業 機械 工程,    農業 機械 工程
12,  機械工程,機械(Na) 工程(Na),機械 工程,    機械 工程
12,化工系 ,化工系(Nc),化工系,化工系  
12,  材料高分子,材料(Na) 高分子(Na),材料 高分子,    材料 高分子
12,機械工程系,機械(Na) 工程系(Nc),機械 工程系,機械 工程系
12,工業工程與管理學系,工業(Na) 工程(Na) 管理(Na) 學系(Na),工業 工程 管理 學系,工業 工程 與 管理 學系
12,  工業工程與科技管理,工業(Na) 工程(Na) 科技(Na) 管理(VC),工業 工程 科技 管理,    工業 工程 與 科技 管理
12,  機械工程,機械(Na) 工程(Na),機械 工程,    機械 工程
12,機械系,機械系(Nc),機械系,機械系
12,  電機,電機(Na),電機,    電機
12,  電子材料,電子(Na) 材料(Na),電子 材料,    電子 材料
12,水利工程與資源保育學系,水利(Na) 工程(Na) 資源(Na) 保育(VC) 學系(Na),水利 工程 資源 保育 學系,水利工程 與 資源 保育 學系
12,  化工,化工(Na),化工,    化工
12,  遺漏值,遺漏值(Na),遺漏值,    遺漏 值
12,資訊工程系,資訊(Na) 工程系(Nc),資訊 工程系,資訊 工程系
12,環境工程,環境(Na) 工程(Na),環境 工程,環境 工程
12,工業技藝-機械工程 ,工業(Na) 技藝(Na) 機械(Na) 工程(Na),工業 技藝 機械 工程,工業 技藝 - 機械 工程  
12,資訊工程系,資訊(Na) 工程系(Nc),資訊 工程系,資訊 工程系
12,動力機械,動力(Na) 機械(Na),動力 機械,動力 機械
12,化學工程與材料 ,化學(Na) 工程(Na) 材料(Na),化學 工程 材料,化學 工程 與 材料  
12,  機械,機械(Na),機械,    機械
12,化學工程系 ,化學(Na) 工程(Nc),化學 工程,化學 工程系  
12,  電機,電機(Na),電機,    電機
12,電機系,電機系(Nc),電機系,電機系
12,資訊工程系 ,資訊(Na) 工程系(Nc),資訊 工程系,資訊 工程系  
12,  化工與材料工程,化工(Na) 材料(Na) 工程(Na),化工 材料 工程,    化工 與 材料 工程
12,資訊工程 ,資訊(Na) 工程(Na),資訊 工程,資訊 工程  
12,  電子工程,電子(Na) 工程(Na),電子 工程,    電子 工程
12,工業工程與管理學系,工業(Na) 工程(Na) 管理(Na) 學系(Na),工業 工程 管理 學系,工業 工程 與 管理 學系
12,工業與系統工程學系,工業(Na) 系統(Na) 工程(Na) 學系(Na),工業 系統 工程 學系,工業 與 系統 工程 學系
12,  機械工程,機械(Na) 工程(Na),機械 工程,    機械 工程
12,  電機,電機(Na),電機,    電機
12,  複合材料,材料(Na),材料,    複 合 材料
12,  工業工程管理,工業(Na) 工程(Na) 管理(VC),工業 工程 管理,    工業 工程 管理
12,機械與自動化工程學系,機械(Na) 自動化(VHC) 工程(Na) 學系(Na),機械 自動化 工程 學系,機械 與 自動化 工程 學系
12,生物醫學工程學系 ,生物醫學(Na) 工程(Na) 學系(Na),生物醫學 工程 學系,生物 醫學 工程 學系  
12,資訊科學系,資訊(Na) 科學(Na),資訊 科學,資訊 科學系
12,機械工程,機械(Na) 工程(Na),機械 工程,機械 工程
12,  電機工程,電機(Na) 工程(Na),電機 工程,    電機 工程
12,  電機工程,電機(Na) 工程(Na),電機 工程,    電機 工程
12,電機工程學系,電機(Na) 工程(Na) 學系(Na),電機 工程 學系,電機 工程 學系
12,電子工程系 ,電子(Na) 工程系(Nc),電子 工程系,電子 工程系  
12,  自動控制,自動(VH) 控制(VC),自動 控制,    自動 控制
12,  工程,工程(Na),工程,    工程
12,機械工程,機械(Na) 工程(Na),機械 工程,機械 工程
12,營建工程系 ,營建(VC) 工程系(Na),營建 工程系,營建 工程系  
12,工業工程與管理學系,工業(Na) 工程(Na) 管理(Na) 學系(Na),工業 工程 管理 學系,工業 工程 與 管理 學系
12,光電工程學系 ,光電(Na) 工程(Na) 學系(Na),光電 工程 學系,光電 工程 學系  
12,電機工程系,電機(Na) 工程系(Na),電機 工程系,電機 工程系
12,  機械,機械(Na),機械,    機械
12,航空電子系,航空(Na) 電子系(Nc),航空 電子系,航空 電子系
12,  電子工程,電子(Na) 工程(Na),電子 工程,    電子 工程
12,電子工程學系,電子(Na) 工程(Na) 學系(Na),電子 工程 學系,電子 工程 學系
12,  自動化工程,自動化(VHC) 工程(Na),自動化 工程,    自動化 工程
12,電子工程 ,電子(Na) 工程(Na),電子 工程,電子 工程  
12,  電機工程,電機(Na) 工程(Na),電機 工程,    電機 工程
12,電機工程,電機(Na) 工程(Na),電機 工程,電機 工程
12,  化工與材料工程,化工(Na) 材料(Na) 工程(Na),化工 材料 工程,    化工 與 材料 工程
12,機械系,機械系(Nc),機械系,機械系
12,  電機,電機(Na),電機,    電機
12,  資訊工程,資訊(Na) 工程(Na),資訊 工程,    資訊 工程
12,光電系,光電系(Nc),光電系,光電系
12,  工業工程管理,工業(Na) 工程(Na) 管理(VC),工業 工程 管理,    工業 工程 管理
12,機械與電腦輔助工程 ,機械(Na) 電腦(Na) 輔助(Nv) 工程(Na),機械 電腦 輔助 工程,機械 與 電腦 輔助 工程  
12,  電子工程,電子(Na) 工程(Na),電子 工程,    電子 工程
12,  電機,電機(Na),電機,    電機
12,  電子工程,電子(Na) 工程(Na),電子 工程,    電子 工程
12,  電子工程,電子(Na) 工程(Na),電子 工程,    電子 工程
12,  電機,電機(Na),電機,    電機
12,電機資訊學士班,電機(Na) 資訊(Na) 學士班(Na),電機 資訊 學士班,電機 資訊 學士班
12,  機械工程,機械(Na) 工程(Na),機械 工程,    機械 工程
12,  電機工程,電機(Na) 工程(Na),電機 工程,    電機 工程
12,  電子工程,電子(Na) 工程(Na),電子 工程,    電子 工程
12,  工業工程與管理,工業(Na) 工程(Na) 管理(Na),工業 工程 管理,    工業 工程 與 管理
12,電機系,電機系(Nc),電機系,電機系
12,  機械,機械(Na),機械,    機械
12,  電機工程,電機(Na) 工程(Na),電機 工程,    電機 工程
12,  電機工程,電機(Na) 工程(Na),電機 工程,    電機 工程
12,  電子工程,電子(Na) 工程(Na),電子 工程,    電子 工程
13,  建築,建築(Na),建築,    建築
13,建築學系,建築(Na) 學系(Na),建築 學系,建築學系
13,  建築測量,建築(Na) 測量(VC),建築 測量,    建築 測量
13,  營建工程,營建(VC) 工程(Na),營建 工程,    營建 工程
13,建築工程系,建築(Na) 工程系(Nc),建築 工程系,建築 工程系
14,森林系林學組,森林系(Nc) 林學組(Nc),森林系 林學組,森林 系林學組
14,食品科技,食品(Na) 科技(Na),食品 科技,食品科技
14,食品科學系,食品(Na) 科學(Na),食品 科學,食品 科學系
14,  獸醫學,獸醫學(Na),獸醫學,    獸 醫學
14,水產養殖系,水產(Na) 養殖系(VC),水產 養殖系,水產養 殖系
15,  幼保,,幼保,    幼保
15,  幼保,,幼保,    幼保
15,服裝設計管理系 ,服裝(Na) 設計(Na) 管理(Nc),服裝 設計 管理,服裝 設計 管理系  
15,  幼保,,幼保,    幼保
15,  幼兒保育,幼兒(Na) 保育(VC),幼兒 保育,    幼兒 保育
16,航運管理學系,航運(Na) 管理(VC) 學系(Na),航運 管理 學系,航運 管理 學系
16,  航運管理,航運(Na) 管理(VC),航運 管理,    航運 管理
16,運輸科技與管理學系,運輸(Nv) 科技(Na) 管理(VC) 學系(Na),運輸 科技 管理 學系,運輸 科技 與 管理 學系
16,運輸管理系 ,運輸(VC) 管理(Nc),運輸 管理,運輸 管理系  
16,運輸管理系,運輸(Nv) 管理(Nc),運輸 管理,運輸 管理系
17,餐飲管理,餐飲(Na) 管理(VC),餐飲 管理,餐飲 管理
17,餐飲管理科 ,餐飲(Na) 管理科(Na),餐飲 管理科,餐飲 管理科  
17,餐旅管理系,餐旅(Na) 管理系(Nc),餐旅 管理系,餐旅 管理系
17,觀光休閒系,觀光(VA) 休閒系(Nv),觀光 休閒系,觀光 休閒系
17,水上系,水上系(Nc),水上系,水上 系
17,休閒遊憇事業管理系,休閒(VA) 遊憇(VCL) 事業(Na) 管理(Na),休閒 遊憇 事業 管理,休閒遊 憇 事業 管理系
17,飯店管理,飯店(Nc) 管理(VC),飯店 管理,飯店 管理
17,休閒管理系 ,休閒(VA) 管理系(Nc),休閒 管理系,休閒 管理系  
17,觀光與餐飲旅館,觀光(VA) 餐飲(Na) 旅館(Nc),觀光 餐飲 旅館,觀光 與 餐 飲 旅館
17,生活科學系,生活(Na) 科學(Na),生活 科學,生活 科學系
17,旅運管理,旅運(Na) 管理(VC),旅運 管理,旅運 管理
17,食品餐飲管理學系,食品(Na) 餐飲(Na) 管理(VC) 學系(Na),食品 餐飲 管理 學系,食品 餐飲 管理 學系
17,餐旅管理學系,餐旅(Na) 管理(VC) 學系(Na),餐旅 管理 學系,餐旅 管理 學系
17,體育與健康,體育(Na) 健康(VH),體育 健康,體育 與 健康
17,休閒產業經營學系 ,休閒(VA) 產業(Na) 經營(VC) 學系(Na),休閒 產業 經營 學系,休閒產業 經營 學系  
17,生活應用與保健系,生活(Na) 應用(Na) 保健系(Nc),生活 應用 保健系,生活 應用 與 保健 系
17,运动管理系,管理(Nc),管理,运动 管理系
17,  體育,體育(Na),體育,    體育
17,休閒事業管理系 ,休閒(VA) 事業(Na) 管理系(Na),休閒 事業 管理系,休閒 事業 管理系  
17,旅館管理系,旅館(Nc) 管理(Nc),旅館 管理,旅館 管理系
17,觀光系,觀光系(Nc),觀光系,觀光系
17,休閒事業管理,休閒(Nv) 事業(Na) 管理(Na),休閒 事業 管理,休閒 事業 管理
17,  體育,體育(Na),體育,    體育
17,觀光餐飲學系,觀光(VA) 餐飲(Na) 學系(Na),觀光 餐飲 學系,觀光餐 飲學系
17,飯店管理系,飯店(Nc) 管理系(Nc),飯店 管理系,飯店 管理系
17,旅運管理學系,旅運(Na) 管理(VC) 學系(Na),旅運 管理 學系,旅運 管理 學系
17,觀光系,觀光系(Nc),觀光系,觀光系
17,觀光系,觀光系(Nc),觀光系,觀光系
17,大一是社工系，大二是休閒運動管理一直到畢業,大一(Na) 社工系(Nc) 大二(Na) 休閒(Nv) 運動(Na) 管理(Na) 畢業(VH),大一 社工系 大二 休閒 運動 管理 畢業,大一是 社工 系 ， 大二 是 休閒 運動 管理 一直 到 畢業
17,休閒保健系,休閒(Nv) 保健系(Na),休閒 保健系,休閒 保健 系
17,球類系,球類系(Na),球類系,球類 系
17,運動管理學系,運動(Na) 管理(VC) 學系(Na),運動 管理 學系,運動 管理 學系
17,休閒管理系 ,休閒(VA) 管理系(Nc),休閒 管理系,休閒 管理系  
17,休閒事業管理 ,休閒(Nv) 事業(Na) 管理(Na),休閒 事業 管理,休閒 事業 管理  
17,運動競技學系,運動(Na) 競技(Nv) 學系(Na),運動 競技 學系,運動 競技學系
17,運動健康與休閒系,運動(Na) 健康(VH) 休閒系(Nc),運動 健康 休閒系,運動 健康 與 休閒系
17,海洋運動休閒,海洋(Na) 運動(Na) 休閒(VA),海洋 運動 休閒,海洋 運動 休閒
17,運動健康休閒系 ,運動(Na) 健康(VH) 休閒系(Nc),運動 健康 休閒系,運動 健康 休閒系  
17,  運動休閒,運動(Na) 休閒(VA),運動 休閒,    運動 休閒
17,休閒運動保健系,休閒(Nv) 運動(Na) 保健(Nc),休閒 運動 保健,休閒 運動 保健 系
17,運動資訊傳播,運動(Na) 資訊(Na) 傳播(Na),運動 資訊 傳播,運動 資訊 傳播
17,餐飲觀光 ,餐飲(Na) 觀光(VA),餐飲 觀光,餐飲 觀光  
17,休閒與遊憩事業管理,休閒(Nv) 遊憩(Nv) 事業(Na) 管理(Na),休閒 遊憩 事業 管理,休閒 與 遊憩 事業 管理
17,休閒管理系,休閒(VA) 管理(Nc),休閒 管理,休閒 管理系
17,餐飲管理系,餐飲(Na) 管理(Na),餐飲 管理,餐飲 管理系
17,  觀光,觀光(VA),觀光,    觀光
17,運動休閒與健康管理,運動(Na) 休閒(VA) 健康(VH) 管理(VC),運動 休閒 健康 管理,運動 休閒 與 健康 管理
17,餐飲管理 ,餐飲(Na) 管理(VC),餐飲 管理,餐飲 管理  
17,休閒事業管理系,休閒(Nv) 事業(Na) 管理(Na),休閒 事業 管理,休閒 事業 管理系
17,餐旅管理系,餐旅(Na) 管理系(Nc),餐旅 管理系,餐旅 管理系
17,餐飲管理系,餐飲(Na) 管理(Na),餐飲 管理,餐飲 管理系
17,觀光餐飲系,觀光(Nv) 餐飲系(Na),觀光 餐飲系,觀光餐 飲系
17,歐洲文化與旅遊,歐洲(Nc) 文化(Na) 旅遊(VA),歐洲 文化 旅遊,歐洲 文化 與 旅遊
17,餐飲管理系,餐飲(Na) 管理(Na),餐飲 管理,餐飲 管理系
17,餐飲管理系,餐飲(Na) 管理(Na),餐飲 管理,餐飲 管理系
17,運動保健,運動(Na) 保健(Na),運動 保健,運動 保健
17,休閒遊憩系,休閒(Nv) 遊憩(Nv),休閒 遊憩,休閒遊 憩系
17,休閒事業管理系,休閒(Nv) 事業(Na) 管理(Na),休閒 事業 管理,休閒 事業 管理系
17,餐飲科,餐飲科(Na),餐飲科,餐飲科
17,  觀光服務,觀光(VA) 服務(VC),觀光 服務,    觀光 服務
17,  觀光,觀光(VA),觀光,    觀光
17,海洋觀光系,海洋(Na) 觀光系(VA),海洋 觀光系,海洋 觀光系
17,觀光事業管理系,觀光(Nv) 事業(Na) 管理(Na),觀光 事業 管理,觀光 事業 管理系
17,觀光系,觀光系(Nc),觀光系,觀光系
17,餐旅管理系廚藝組,餐旅(Na) 管理系(Nc) 廚藝組(Nc),餐旅 管理系 廚藝組,餐旅 管理系 廚藝組
17,觀光事業學系,觀光(Nv) 事業(Na) 學系(Na),觀光 事業 學系,觀光 事業 學系
17,運動健康休閒系,運動(Na) 健康(VH) 休閒系(Nc),運動 健康 休閒系,運動 健康 休閒系
17,餐飲管理,餐飲(Na) 管理(VC),餐飲 管理,餐飲 管理
17,休閒事業管理,休閒(Nv) 事業(Na) 管理(Na),休閒 事業 管理,休閒 事業 管理
17,餐飲科,餐飲科(Na),餐飲科,餐飲科
17,休閒遊憩,休閒(VA) 遊憩(VA),休閒 遊憩,休閒 遊憩
17,餐旅管理學系,餐旅(Na) 管理(VC) 學系(Na),餐旅 管理 學系,餐旅 管理 學系
17,休閒管理系,休閒(VA) 管理(Nc),休閒 管理,休閒 管理系
17,運動管理,運動(Na) 管理(VC),運動 管理,運動 管理
17,運動管理系,運動(Na) 管理(Nc),運動 管理,運動 管理系
17,  休閒管理,休閒(VA) 管理(VC),休閒 管理,    休閒 管理
17,餐旅管理系,餐旅(Na) 管理系(Nc),餐旅 管理系,餐旅 管理系
17,餐旅管理,餐旅(Na) 管理(VC),餐旅 管理,餐旅 管理
17,  觀光,觀光(VA),觀光,    觀光
17,餐旅科,餐旅科(Na),餐旅科,餐旅科
17,餐飲管理,餐飲(Na) 管理(VC),餐飲 管理,餐飲 管理
17,休閒事業管理系,休閒(Nv) 事業(Na) 管理(Na),休閒 事業 管理,休閒 事業 管理系
17,餐飲管理系,餐飲(Na) 管理(Na),餐飲 管理,餐飲 管理系
17,觀光系,觀光系(Nc),觀光系,觀光系
17,休閒事業管理學系,休閒(VA) 事業(Na) 管理(VC) 學系(Na),休閒 事業 管理 學系,休閒 事業 管理 學系
17,適應體育學系,適應(VJ) 體育(Na) 學系(Na),適應 體育 學系,適應 體育 學系
17,觀光系,觀光系(Nc),觀光系,觀光系
17,餐飲管理,餐飲(Na) 管理(VC),餐飲 管理,餐飲 管理
17,休閒管理系,休閒(VA) 管理(Nc),休閒 管理,休閒 管理系
17,體育系運動休閒管理學程,體育系(Nc) 運動(Na) 休閒(Nv) 管理(Nv) 學程(Na),體育系 運動 休閒 管理 學程,體育系 運動 休閒 管理 學程
17,  觀光,觀光(VA),觀光,    觀光
17,運動健康休閒學系,運動(Na) 健康(VH) 休閒(Nv) 學系(Na),運動 健康 休閒 學系,運動 健康 休閒 學系
17,休閒與遊憩學系,休閒(Nv) 遊憩(Nv) 學系(Na),休閒 遊憩 學系,休閒 與 遊憩 學系
17,休閒遊憩管理學系,休閒(Nv) 遊憩(Nv) 管理(VC) 學系(Na),休閒 遊憩 管理 學系,休閒 遊憩 管理 學系
17,旅遊運輸系,旅遊(Nv) 運輸系(Nc),旅遊 運輸系,旅遊 運輸系
17,休閒運動系,休閒(VA) 運動系(Na),休閒 運動系,休閒 運動系
17,觀光事業學系,觀光(Nv) 事業(Na) 學系(Na),觀光 事業 學系,觀光 事業 學系
17,  旅館管理,旅館(Nc) 管理(VC),旅館 管理,    旅館 管理
17,休閒遊憩管理學系,休閒(Nv) 遊憩(Nv) 管理(VC) 學系(Na),休閒 遊憩 管理 學系,休閒 遊憩 管理 學系
18,  數位媒體,媒體(Na),媒體,    數位 媒體
18,資訊傳播工程學系 ,資訊(Na) 傳播(VC) 工程(Na) 學系(Na),資訊 傳播 工程 學系,資訊 傳播 工程 學系  
18,  平面傳播,平面(Na) 傳播(Nv),平面 傳播,    平面 傳播
18,資訊傳播,資訊(Na) 傳播(Na),資訊 傳播,資訊 傳播
18,廣播電視電影系,廣播(Na) 電視(Na) 電影系(Nc),廣播 電視 電影系,廣播 電視 電影系
96,96 96 96,96 96 96(Neu),96 96 96,96   96   96
97,行政警察,行政(Na) 警察(Na),行政 警察,行政 警察
97,消防 消防,,消防   消防,消防   消防
97,博雅書院,書院(Nc),書院,博雅 書院
97,日文系+國際貿易系雙主修,日文系(Nc) 國際(Nc) 貿易系(Nc) 主修(VC),日文系 國際 貿易系 主修,日文系 + 國際 貿易 系雙 主修
97,心理學、管理學雙修 心理雙管理',心理學(Na) 管理學(Na) 雙修(VC) 心理(Na) 管理(Na),心理學 管理學 雙修 心理 管理,心理 學 、 管理 學雙修   心理 雙 管理 '
98,98 98 98,98 98 98(Neu),98 98 98,98   98   98
98,98 98 98,98 98 98(Neu),98 98 98,98   98   98
98,98 98 98,98 98 98(Neu),98 98 98,98   98   98
98,98 98 98,98 98 98(Neu),98 98 98,98   98   98
98,98 98 98,98 98 98(Neu),98 98 98,98   98   98
99,99 99 99,99 99 99(Neu),99 99 99,99   99   99
99,99 99 99,99 99 99(Neu),99 99 99,99   99   99
99,99 99 99,99 99 99(Neu),99 99 99,99   99   99
99,99 99 99,99 99 99(Neu),99 99 99,99   99   99
99,99 99 99,99 99 99(Neu),99 99 99,99   99   99
